"Indikator","Ausprägung","Jahr","Räumliche Gliederung","Indikatorwert","Basiswert 1","Basiswert 2","Basiswert 3","Basiswert 4","Basiswert 5","Name Basiswert 1","Name Basiswert 2","Name Basiswert 3","Name Basiswert 4","Name Basiswert 5"
"Ausländer_innenanteil","gesamt","2017","Stadt München","27.6","421832","1526056","","","","Anzahl aller ausländischen Einwohner","Anzahl der gesamten Hauptwohnsitzbevölkerung","","",""
"Ausländer_innenanteil","gesamt","2017","01 Altstadt - Lehel","26.2","5493","20926","","","","Anzahl aller ausländischen Einwohner","Anzahl der gesamten Hauptwohnsitzbevölkerung","","",""
"Ausländer_innenanteil","gesamt","2017","02 Ludwigsvorstadt - Isarvorstadt","28.7","14825","51632","","","","Anzahl aller ausländischen Einwohner","Anzahl der gesamten Hauptwohnsitzbevölkerung","","",""
"Ausländer_innenanteil","gesamt","2017","03 Maxvorstadt","25.3","13003","51311","","","","Anzahl aller ausländischen Einwohner","Anzahl der gesamten Hauptwohnsitzbevölkerung","","",""
"Ausländer_innenanteil","gesamt","2017","04 Schwabing - West","22.5","15356","68265","","","","Anzahl aller ausländischen Einwohner","Anzahl der gesamten Hauptwohnsitzbevölkerung","","",""
"Ausländer_innenanteil","gesamt","2017","05 Au - Haidhausen","23.3","14189","60937","","","","Anzahl aller ausländischen Einwohner","Anzahl der gesamten Hauptwohnsitzbevölkerung","","",""
"Ausländer_innenanteil","gesamt","2017","06 Sendling","26.6","10814","40682","","","","Anzahl aller ausländischen Einwohner","Anzahl der gesamten Hauptwohnsitzbevölkerung","","",""
"Ausländer_innenanteil","gesamt","2017","07 Sendling - Westpark","28.4","16888","59386","","","","Anzahl aller ausländischen Einwohner","Anzahl der gesamten Hauptwohnsitzbevölkerung","","",""
"Ausländer_innenanteil","gesamt","2017","08 Schwanthalerhöhe","33.3","9836","29535","","","","Anzahl aller ausländischen Einwohner","Anzahl der gesamten Hauptwohnsitzbevölkerung","","",""
"Ausländer_innenanteil","gesamt","2017","09 Neuhausen - Nymphenburg","24.4","24005","98520","","","","Anzahl aller ausländischen Einwohner","Anzahl der gesamten Hauptwohnsitzbevölkerung","","",""
"Ausländer_innenanteil","gesamt","2017","10 Moosach","30.9","16602","53662","","","","Anzahl aller ausländischen Einwohner","Anzahl der gesamten Hauptwohnsitzbevölkerung","","",""
"Ausländer_innenanteil","gesamt","2017","11 Milbertshofen - Am Hart","40.3","30147","74731","","","","Anzahl aller ausländischen Einwohner","Anzahl der gesamten Hauptwohnsitzbevölkerung","","",""
"Ausländer_innenanteil","gesamt","2017","12 Schwabing - Freimann","28.8","21980","76341","","","","Anzahl aller ausländischen Einwohner","Anzahl der gesamten Hauptwohnsitzbevölkerung","","",""
"Ausländer_innenanteil","gesamt","2017","13 Bogenhausen","23.7","20395","85971","","","","Anzahl aller ausländischen Einwohner","Anzahl der gesamten Hauptwohnsitzbevölkerung","","",""
"Ausländer_innenanteil","gesamt","2017","14 Berg am Laim","31.3","14254","45582","","","","Anzahl aller ausländischen Einwohner","Anzahl der gesamten Hauptwohnsitzbevölkerung","","",""
"Ausländer_innenanteil","gesamt","2017","15 Trudering - Riem","22.5","16225","72006","","","","Anzahl aller ausländischen Einwohner","Anzahl der gesamten Hauptwohnsitzbevölkerung","","",""
"Ausländer_innenanteil","gesamt","2017","16 Ramersdorf - Perlach","33.3","38097","114478","","","","Anzahl aller ausländischen Einwohner","Anzahl der gesamten Hauptwohnsitzbevölkerung","","",""
"Ausländer_innenanteil","gesamt","2017","17 Obergiesing - Fasangarten","30.8","16617","53937","","","","Anzahl aller ausländischen Einwohner","Anzahl der gesamten Hauptwohnsitzbevölkerung","","",""
"Ausländer_innenanteil","gesamt","2017","18 Untergiesing - Harlaching","23.5","12346","52600","","","","Anzahl aller ausländischen Einwohner","Anzahl der gesamten Hauptwohnsitzbevölkerung","","",""
"Ausländer_innenanteil","gesamt","2017","19 Thalkirchen - Obersendling - Forstenried - Fürstenried - Solln","26.8","25597","95554","","","","Anzahl aller ausländischen Einwohner","Anzahl der gesamten Hauptwohnsitzbevölkerung","","",""
"Ausländer_innenanteil","gesamt","2017","20 Hadern","26.6","13210","49626","","","","Anzahl aller ausländischen Einwohner","Anzahl der gesamten Hauptwohnsitzbevölkerung","","",""
"Ausländer_innenanteil","gesamt","2017","21 Pasing - Obermenzing","22.6","16714","74098","","","","Anzahl aller ausländischen Einwohner","Anzahl der gesamten Hauptwohnsitzbevölkerung","","",""
"Ausländer_innenanteil","gesamt","2017","22 Aubing - Lochhausen - Langwied","27.4","12722","46385","","","","Anzahl aller ausländischen Einwohner","Anzahl der gesamten Hauptwohnsitzbevölkerung","","",""
"Ausländer_innenanteil","gesamt","2017","23 Allach - Untermenzing","23","7527","32677","","","","Anzahl aller ausländischen Einwohner","Anzahl der gesamten Hauptwohnsitzbevölkerung","","",""
"Ausländer_innenanteil","gesamt","2017","24 Feldmoching - Hasenbergl","31.7","19296","60933","","","","Anzahl aller ausländischen Einwohner","Anzahl der gesamten Hauptwohnsitzbevölkerung","","",""
"Ausländer_innenanteil","gesamt","2017","25 Laim","27.9","15694","56281","","","","Anzahl aller ausländischen Einwohner","Anzahl der gesamten Hauptwohnsitzbevölkerung","","",""
"Ausländer_innenanteil","gesamt","2016","Stadt München","28.3","437164","1542860","","","","Anzahl aller ausländischen Einwohner","Anzahl der gesamten Hauptwohnsitzbevölkerung","","",""
"Ausländer_innenanteil","gesamt","2016","01 Altstadt - Lehel","27.4","5872","21454","","","","Anzahl aller ausländischen Einwohner","Anzahl der gesamten Hauptwohnsitzbevölkerung","","",""
"Ausländer_innenanteil","gesamt","2016","02 Ludwigsvorstadt - Isarvorstadt","32.6","17912","54915","","","","Anzahl aller ausländischen Einwohner","Anzahl der gesamten Hauptwohnsitzbevölkerung","","",""
"Ausländer_innenanteil","gesamt","2016","03 Maxvorstadt","27.9","14892","53443","","","","Anzahl aller ausländischen Einwohner","Anzahl der gesamten Hauptwohnsitzbevölkerung","","",""
"Ausländer_innenanteil","gesamt","2016","04 Schwabing - West","23.4","16264","69407","","","","Anzahl aller ausländischen Einwohner","Anzahl der gesamten Hauptwohnsitzbevölkerung","","",""
"Ausländer_innenanteil","gesamt","2016","05 Au - Haidhausen","24.7","15327","61999","","","","Anzahl aller ausländischen Einwohner","Anzahl der gesamten Hauptwohnsitzbevölkerung","","",""
"Ausländer_innenanteil","gesamt","2016","06 Sendling","27.5","11346","41230","","","","Anzahl aller ausländischen Einwohner","Anzahl der gesamten Hauptwohnsitzbevölkerung","","",""
"Ausländer_innenanteil","gesamt","2016","07 Sendling - Westpark","28.8","17026","59174","","","","Anzahl aller ausländischen Einwohner","Anzahl der gesamten Hauptwohnsitzbevölkerung","","",""
"Ausländer_innenanteil","gesamt","2016","08 Schwanthalerhöhe","34.7","10496","30282","","","","Anzahl aller ausländischen Einwohner","Anzahl der gesamten Hauptwohnsitzbevölkerung","","",""
"Ausländer_innenanteil","gesamt","2016","09 Neuhausen - Nymphenburg","25","24878","99538","","","","Anzahl aller ausländischen Einwohner","Anzahl der gesamten Hauptwohnsitzbevölkerung","","",""
"Ausländer_innenanteil","gesamt","2016","10 Moosach","30.8","16615","53859","","","","Anzahl aller ausländischen Einwohner","Anzahl der gesamten Hauptwohnsitzbevölkerung","","",""
"Ausländer_innenanteil","gesamt","2016","11 Milbertshofen - Am Hart","41.1","31334","76255","","","","Anzahl aller ausländischen Einwohner","Anzahl der gesamten Hauptwohnsitzbevölkerung","","",""
"Ausländer_innenanteil","gesamt","2016","12 Schwabing - Freimann","30","23176","77188","","","","Anzahl aller ausländischen Einwohner","Anzahl der gesamten Hauptwohnsitzbevölkerung","","",""
"Ausländer_innenanteil","gesamt","2016","13 Bogenhausen","24.6","21453","87164","","","","Anzahl aller ausländischen Einwohner","Anzahl der gesamten Hauptwohnsitzbevölkerung","","",""
"Ausländer_innenanteil","gesamt","2016","14 Berg am Laim","31.6","14412","45655","","","","Anzahl aller ausländischen Einwohner","Anzahl der gesamten Hauptwohnsitzbevölkerung","","",""
"Ausländer_innenanteil","gesamt","2016","15 Trudering - Riem","22.7","16239","71448","","","","Anzahl aller ausländischen Einwohner","Anzahl der gesamten Hauptwohnsitzbevölkerung","","",""
"Ausländer_innenanteil","gesamt","2016","16 Ramersdorf - Perlach","33.5","38102","113898","","","","Anzahl aller ausländischen Einwohner","Anzahl der gesamten Hauptwohnsitzbevölkerung","","",""
"Ausländer_innenanteil","gesamt","2016","17 Obergiesing - Fasangarten","31.5","17272","54784","","","","Anzahl aller ausländischen Einwohner","Anzahl der gesamten Hauptwohnsitzbevölkerung","","",""
"Ausländer_innenanteil","gesamt","2016","18 Untergiesing - Harlaching","25","13534","54050","","","","Anzahl aller ausländischen Einwohner","Anzahl der gesamten Hauptwohnsitzbevölkerung","","",""
"Ausländer_innenanteil","gesamt","2016","19 Thalkirchen - Obersendling - Forstenried - Fürstenried - Solln","27.2","26127","96200","","","","Anzahl aller ausländischen Einwohner","Anzahl der gesamten Hauptwohnsitzbevölkerung","","",""
"Ausländer_innenanteil","gesamt","2016","20 Hadern","27.3","13796","50567","","","","Anzahl aller ausländischen Einwohner","Anzahl der gesamten Hauptwohnsitzbevölkerung","","",""
"Ausländer_innenanteil","gesamt","2016","21 Pasing - Obermenzing","22.4","16673","74432","","","","Anzahl aller ausländischen Einwohner","Anzahl der gesamten Hauptwohnsitzbevölkerung","","",""
"Ausländer_innenanteil","gesamt","2016","22 Aubing - Lochhausen - Langwied","26.4","12018","45571","","","","Anzahl aller ausländischen Einwohner","Anzahl der gesamten Hauptwohnsitzbevölkerung","","",""
"Ausländer_innenanteil","gesamt","2016","23 Allach - Untermenzing","22","7087","32248","","","","Anzahl aller ausländischen Einwohner","Anzahl der gesamten Hauptwohnsitzbevölkerung","","",""
"Ausländer_innenanteil","gesamt","2016","24 Feldmoching - Hasenbergl","32.1","19807","61764","","","","Anzahl aller ausländischen Einwohner","Anzahl der gesamten Hauptwohnsitzbevölkerung","","",""
"Ausländer_innenanteil","gesamt","2016","25 Laim","27.5","15506","56335","","","","Anzahl aller ausländischen Einwohner","Anzahl der gesamten Hauptwohnsitzbevölkerung","","",""
"Ausländer_innenanteil","gesamt","2015","Stadt München","27.6","419391","1521678","","","","Anzahl aller ausländischen Einwohner","Anzahl der gesamten Hauptwohnsitzbevölkerung","","",""
"Ausländer_innenanteil","gesamt","2015","01 Altstadt - Lehel","26.4","5579","21122","","","","Anzahl aller ausländischen Einwohner","Anzahl der gesamten Hauptwohnsitzbevölkerung","","",""
"Ausländer_innenanteil","gesamt","2015","02 Ludwigsvorstadt - Isarvorstadt","31.7","17138","54049","","","","Anzahl aller ausländischen Einwohner","Anzahl der gesamten Hauptwohnsitzbevölkerung","","",""
"Ausländer_innenanteil","gesamt","2015","03 Maxvorstadt","27.8","14937","53743","","","","Anzahl aller ausländischen Einwohner","Anzahl der gesamten Hauptwohnsitzbevölkerung","","",""
"Ausländer_innenanteil","gesamt","2015","04 Schwabing - West","23","15781","68527","","","","Anzahl aller ausländischen Einwohner","Anzahl der gesamten Hauptwohnsitzbevölkerung","","",""
"Ausländer_innenanteil","gesamt","2015","05 Au - Haidhausen","24.1","14814","61495","","","","Anzahl aller ausländischen Einwohner","Anzahl der gesamten Hauptwohnsitzbevölkerung","","",""
"Ausländer_innenanteil","gesamt","2015","06 Sendling","27.3","11142","40879","","","","Anzahl aller ausländischen Einwohner","Anzahl der gesamten Hauptwohnsitzbevölkerung","","",""
"Ausländer_innenanteil","gesamt","2015","07 Sendling - Westpark","28.5","16625","58398","","","","Anzahl aller ausländischen Einwohner","Anzahl der gesamten Hauptwohnsitzbevölkerung","","",""
"Ausländer_innenanteil","gesamt","2015","08 Schwanthalerhöhe","34.5","10492","30381","","","","Anzahl aller ausländischen Einwohner","Anzahl der gesamten Hauptwohnsitzbevölkerung","","",""
"Ausländer_innenanteil","gesamt","2015","09 Neuhausen - Nymphenburg","24.6","24264","98702","","","","Anzahl aller ausländischen Einwohner","Anzahl der gesamten Hauptwohnsitzbevölkerung","","",""
"Ausländer_innenanteil","gesamt","2015","10 Moosach","30.3","16120","53261","","","","Anzahl aller ausländischen Einwohner","Anzahl der gesamten Hauptwohnsitzbevölkerung","","",""
"Ausländer_innenanteil","gesamt","2015","11 Milbertshofen - Am Hart","40.2","30362","75488","","","","Anzahl aller ausländischen Einwohner","Anzahl der gesamten Hauptwohnsitzbevölkerung","","",""
"Ausländer_innenanteil","gesamt","2015","12 Schwabing - Freimann","29.4","22068","75020","","","","Anzahl aller ausländischen Einwohner","Anzahl der gesamten Hauptwohnsitzbevölkerung","","",""
"Ausländer_innenanteil","gesamt","2015","13 Bogenhausen","23.6","20257","85947","","","","Anzahl aller ausländischen Einwohner","Anzahl der gesamten Hauptwohnsitzbevölkerung","","",""
"Ausländer_innenanteil","gesamt","2015","14 Berg am Laim","31.2","14044","45035","","","","Anzahl aller ausländischen Einwohner","Anzahl der gesamten Hauptwohnsitzbevölkerung","","",""
"Ausländer_innenanteil","gesamt","2015","15 Trudering - Riem","21.3","14849","69830","","","","Anzahl aller ausländischen Einwohner","Anzahl der gesamten Hauptwohnsitzbevölkerung","","",""
"Ausländer_innenanteil","gesamt","2015","16 Ramersdorf - Perlach","32.7","36798","112371","","","","Anzahl aller ausländischen Einwohner","Anzahl der gesamten Hauptwohnsitzbevölkerung","","",""
"Ausländer_innenanteil","gesamt","2015","17 Obergiesing - Fasangarten","30.9","16823","54402","","","","Anzahl aller ausländischen Einwohner","Anzahl der gesamten Hauptwohnsitzbevölkerung","","",""
"Ausländer_innenanteil","gesamt","2015","18 Untergiesing - Harlaching","24.2","12929","53377","","","","Anzahl aller ausländischen Einwohner","Anzahl der gesamten Hauptwohnsitzbevölkerung","","",""
"Ausländer_innenanteil","gesamt","2015","19 Thalkirchen - Obersendling - Forstenried - Fürstenried - Solln","25.1","23464","93602","","","","Anzahl aller ausländischen Einwohner","Anzahl der gesamten Hauptwohnsitzbevölkerung","","",""
"Ausländer_innenanteil","gesamt","2015","20 Hadern","26.3","13198","50257","","","","Anzahl aller ausländischen Einwohner","Anzahl der gesamten Hauptwohnsitzbevölkerung","","",""
"Ausländer_innenanteil","gesamt","2015","21 Pasing - Obermenzing","21.9","16077","73320","","","","Anzahl aller ausländischen Einwohner","Anzahl der gesamten Hauptwohnsitzbevölkerung","","",""
"Ausländer_innenanteil","gesamt","2015","22 Aubing - Lochhausen - Langwied","24.4","10640","43682","","","","Anzahl aller ausländischen Einwohner","Anzahl der gesamten Hauptwohnsitzbevölkerung","","",""
"Ausländer_innenanteil","gesamt","2015","23 Allach - Untermenzing","21","6688","31882","","","","Anzahl aller ausländischen Einwohner","Anzahl der gesamten Hauptwohnsitzbevölkerung","","",""
"Ausländer_innenanteil","gesamt","2015","24 Feldmoching - Hasenbergl","31.8","19543","61534","","","","Anzahl aller ausländischen Einwohner","Anzahl der gesamten Hauptwohnsitzbevölkerung","","",""
"Ausländer_innenanteil","gesamt","2015","25 Laim","26.7","14759","55374","","","","Anzahl aller ausländischen Einwohner","Anzahl der gesamten Hauptwohnsitzbevölkerung","","",""
"Ausländer_innenanteil","gesamt","2014","Stadt München","26.4","393372","1490681","","","","Anzahl aller ausländischen Einwohner","Anzahl der gesamten Hauptwohnsitzbevölkerung","","",""
"Ausländer_innenanteil","gesamt","2014","01 Altstadt - Lehel","25.8","5371","20806","","","","Anzahl aller ausländischen Einwohner","Anzahl der gesamten Hauptwohnsitzbevölkerung","","",""
"Ausländer_innenanteil","gesamt","2014","02 Ludwigsvorstadt - Isarvorstadt","30.2","15778","52177","","","","Anzahl aller ausländischen Einwohner","Anzahl der gesamten Hauptwohnsitzbevölkerung","","",""
"Ausländer_innenanteil","gesamt","2014","03 Maxvorstadt","26","13671","52575","","","","Anzahl aller ausländischen Einwohner","Anzahl der gesamten Hauptwohnsitzbevölkerung","","",""
"Ausländer_innenanteil","gesamt","2014","04 Schwabing - West","22.3","14959","67094","","","","Anzahl aller ausländischen Einwohner","Anzahl der gesamten Hauptwohnsitzbevölkerung","","",""
"Ausländer_innenanteil","gesamt","2014","05 Au - Haidhausen","23.4","14225","60756","","","","Anzahl aller ausländischen Einwohner","Anzahl der gesamten Hauptwohnsitzbevölkerung","","",""
"Ausländer_innenanteil","gesamt","2014","06 Sendling","26.7","10810","40422","","","","Anzahl aller ausländischen Einwohner","Anzahl der gesamten Hauptwohnsitzbevölkerung","","",""
"Ausländer_innenanteil","gesamt","2014","07 Sendling - Westpark","27.2","15354","56485","","","","Anzahl aller ausländischen Einwohner","Anzahl der gesamten Hauptwohnsitzbevölkerung","","",""
"Ausländer_innenanteil","gesamt","2014","08 Schwanthalerhöhe","34","10230","30083","","","","Anzahl aller ausländischen Einwohner","Anzahl der gesamten Hauptwohnsitzbevölkerung","","",""
"Ausländer_innenanteil","gesamt","2014","09 Neuhausen - Nymphenburg","23.9","23309","97521","","","","Anzahl aller ausländischen Einwohner","Anzahl der gesamten Hauptwohnsitzbevölkerung","","",""
"Ausländer_innenanteil","gesamt","2014","10 Moosach","29.6","15606","52657","","","","Anzahl aller ausländischen Einwohner","Anzahl der gesamten Hauptwohnsitzbevölkerung","","",""
"Ausländer_innenanteil","gesamt","2014","11 Milbertshofen - Am Hart","39.2","29253","74667","","","","Anzahl aller ausländischen Einwohner","Anzahl der gesamten Hauptwohnsitzbevölkerung","","",""
"Ausländer_innenanteil","gesamt","2014","12 Schwabing - Freimann","27.3","19608","71802","","","","Anzahl aller ausländischen Einwohner","Anzahl der gesamten Hauptwohnsitzbevölkerung","","",""
"Ausländer_innenanteil","gesamt","2014","13 Bogenhausen","21.8","18286","83900","","","","Anzahl aller ausländischen Einwohner","Anzahl der gesamten Hauptwohnsitzbevölkerung","","",""
"Ausländer_innenanteil","gesamt","2014","14 Berg am Laim","29.9","13141","44022","","","","Anzahl aller ausländischen Einwohner","Anzahl der gesamten Hauptwohnsitzbevölkerung","","",""
"Ausländer_innenanteil","gesamt","2014","15 Trudering - Riem","20.2","13747","68063","","","","Anzahl aller ausländischen Einwohner","Anzahl der gesamten Hauptwohnsitzbevölkerung","","",""
"Ausländer_innenanteil","gesamt","2014","16 Ramersdorf - Perlach","31.5","34699","110099","","","","Anzahl aller ausländischen Einwohner","Anzahl der gesamten Hauptwohnsitzbevölkerung","","",""
"Ausländer_innenanteil","gesamt","2014","17 Obergiesing - Fasangarten","30.1","15858","52743","","","","Anzahl aller ausländischen Einwohner","Anzahl der gesamten Hauptwohnsitzbevölkerung","","",""
"Ausländer_innenanteil","gesamt","2014","18 Untergiesing - Harlaching","22.6","11839","52452","","","","Anzahl aller ausländischen Einwohner","Anzahl der gesamten Hauptwohnsitzbevölkerung","","",""
"Ausländer_innenanteil","gesamt","2014","19 Thalkirchen - Obersendling - Forstenried - Fürstenried - Solln","23.8","21777","91412","","","","Anzahl aller ausländischen Einwohner","Anzahl der gesamten Hauptwohnsitzbevölkerung","","",""
"Ausländer_innenanteil","gesamt","2014","20 Hadern","25.2","12587","49874","","","","Anzahl aller ausländischen Einwohner","Anzahl der gesamten Hauptwohnsitzbevölkerung","","",""
"Ausländer_innenanteil","gesamt","2014","21 Pasing - Obermenzing","20.5","14754","71880","","","","Anzahl aller ausländischen Einwohner","Anzahl der gesamten Hauptwohnsitzbevölkerung","","",""
"Ausländer_innenanteil","gesamt","2014","22 Aubing - Lochhausen - Langwied","23.3","9996","42859","","","","Anzahl aller ausländischen Einwohner","Anzahl der gesamten Hauptwohnsitzbevölkerung","","",""
"Ausländer_innenanteil","gesamt","2014","23 Allach - Untermenzing","19.5","6116","31353","","","","Anzahl aller ausländischen Einwohner","Anzahl der gesamten Hauptwohnsitzbevölkerung","","",""
"Ausländer_innenanteil","gesamt","2014","24 Feldmoching - Hasenbergl","30.4","18347","60262","","","","Anzahl aller ausländischen Einwohner","Anzahl der gesamten Hauptwohnsitzbevölkerung","","",""
"Ausländer_innenanteil","gesamt","2014","25 Laim","25.7","14049","54714","","","","Anzahl aller ausländischen Einwohner","Anzahl der gesamten Hauptwohnsitzbevölkerung","","",""
"Ausländer_innenanteil","gesamt","2013","Stadt München","25.4","372801","1464962","","","","Anzahl aller ausländischen Einwohner","Anzahl der gesamten Hauptwohnsitzbevölkerung","","",""
"Ausländer_innenanteil","gesamt","2013","01 Altstadt - Lehel","24.7","5053","20422","","","","Anzahl aller ausländischen Einwohner","Anzahl der gesamten Hauptwohnsitzbevölkerung","","",""
"Ausländer_innenanteil","gesamt","2013","02 Ludwigsvorstadt - Isarvorstadt","28.3","14346","50620","","","","Anzahl aller ausländischen Einwohner","Anzahl der gesamten Hauptwohnsitzbevölkerung","","",""
"Ausländer_innenanteil","gesamt","2013","03 Maxvorstadt","24.9","12878","51642","","","","Anzahl aller ausländischen Einwohner","Anzahl der gesamten Hauptwohnsitzbevölkerung","","",""
"Ausländer_innenanteil","gesamt","2013","04 Schwabing - West","21.4","14115","65892","","","","Anzahl aller ausländischen Einwohner","Anzahl der gesamten Hauptwohnsitzbevölkerung","","",""
"Ausländer_innenanteil","gesamt","2013","05 Au - Haidhausen","22.8","13629","59752","","","","Anzahl aller ausländischen Einwohner","Anzahl der gesamten Hauptwohnsitzbevölkerung","","",""
"Ausländer_innenanteil","gesamt","2013","06 Sendling","26","10386","39953","","","","Anzahl aller ausländischen Einwohner","Anzahl der gesamten Hauptwohnsitzbevölkerung","","",""
"Ausländer_innenanteil","gesamt","2013","07 Sendling - Westpark","26.1","14445","55405","","","","Anzahl aller ausländischen Einwohner","Anzahl der gesamten Hauptwohnsitzbevölkerung","","",""
"Ausländer_innenanteil","gesamt","2013","08 Schwanthalerhöhe","33.6","9974","29663","","","","Anzahl aller ausländischen Einwohner","Anzahl der gesamten Hauptwohnsitzbevölkerung","","",""
"Ausländer_innenanteil","gesamt","2013","09 Neuhausen - Nymphenburg","23","22083","95906","","","","Anzahl aller ausländischen Einwohner","Anzahl der gesamten Hauptwohnsitzbevölkerung","","",""
"Ausländer_innenanteil","gesamt","2013","10 Moosach","28.7","14805","51537","","","","Anzahl aller ausländischen Einwohner","Anzahl der gesamten Hauptwohnsitzbevölkerung","","",""
"Ausländer_innenanteil","gesamt","2013","11 Milbertshofen - Am Hart","38.4","28243","73617","","","","Anzahl aller ausländischen Einwohner","Anzahl der gesamten Hauptwohnsitzbevölkerung","","",""
"Ausländer_innenanteil","gesamt","2013","12 Schwabing - Freimann","25.4","17687","69676","","","","Anzahl aller ausländischen Einwohner","Anzahl der gesamten Hauptwohnsitzbevölkerung","","",""
"Ausländer_innenanteil","gesamt","2013","13 Bogenhausen","20.9","17126","82138","","","","Anzahl aller ausländischen Einwohner","Anzahl der gesamten Hauptwohnsitzbevölkerung","","",""
"Ausländer_innenanteil","gesamt","2013","14 Berg am Laim","28.9","12433","43068","","","","Anzahl aller ausländischen Einwohner","Anzahl der gesamten Hauptwohnsitzbevölkerung","","",""
"Ausländer_innenanteil","gesamt","2013","15 Trudering - Riem","19.4","13023","67009","","","","Anzahl aller ausländischen Einwohner","Anzahl der gesamten Hauptwohnsitzbevölkerung","","",""
"Ausländer_innenanteil","gesamt","2013","16 Ramersdorf - Perlach","30.4","32946","108244","","","","Anzahl aller ausländischen Einwohner","Anzahl der gesamten Hauptwohnsitzbevölkerung","","",""
"Ausländer_innenanteil","gesamt","2013","17 Obergiesing - Fasangarten","29.2","15047","51499","","","","Anzahl aller ausländischen Einwohner","Anzahl der gesamten Hauptwohnsitzbevölkerung","","",""
"Ausländer_innenanteil","gesamt","2013","18 Untergiesing - Harlaching","21.9","11400","51937","","","","Anzahl aller ausländischen Einwohner","Anzahl der gesamten Hauptwohnsitzbevölkerung","","",""
"Ausländer_innenanteil","gesamt","2013","19 Thalkirchen - Obersendling - Forstenried - Fürstenried - Solln","23.8","21642","90790","","","","Anzahl aller ausländischen Einwohner","Anzahl der gesamten Hauptwohnsitzbevölkerung","","",""
"Ausländer_innenanteil","gesamt","2013","20 Hadern","23.9","11715","48945","","","","Anzahl aller ausländischen Einwohner","Anzahl der gesamten Hauptwohnsitzbevölkerung","","",""
"Ausländer_innenanteil","gesamt","2013","21 Pasing - Obermenzing","19.5","13822","70783","","","","Anzahl aller ausländischen Einwohner","Anzahl der gesamten Hauptwohnsitzbevölkerung","","",""
"Ausländer_innenanteil","gesamt","2013","22 Aubing - Lochhausen - Langwied","22.3","9435","42305","","","","Anzahl aller ausländischen Einwohner","Anzahl der gesamten Hauptwohnsitzbevölkerung","","",""
"Ausländer_innenanteil","gesamt","2013","23 Allach - Untermenzing","18.4","5653","30737","","","","Anzahl aller ausländischen Einwohner","Anzahl der gesamten Hauptwohnsitzbevölkerung","","",""
"Ausländer_innenanteil","gesamt","2013","24 Feldmoching - Hasenbergl","29.5","17522","59391","","","","Anzahl aller ausländischen Einwohner","Anzahl der gesamten Hauptwohnsitzbevölkerung","","",""
"Ausländer_innenanteil","gesamt","2013","25 Laim","24.8","13392","54030","","","","Anzahl aller ausländischen Einwohner","Anzahl der gesamten Hauptwohnsitzbevölkerung","","",""
"Ausländer_innenanteil","gesamt","2012","Stadt München","24.6","353816","1439474","","","","Anzahl aller ausländischen Einwohner","Anzahl der gesamten Hauptwohnsitzbevölkerung","","",""
"Ausländer_innenanteil","gesamt","2012","01 Altstadt - Lehel","23.6","4729","20048","","","","Anzahl aller ausländischen Einwohner","Anzahl der gesamten Hauptwohnsitzbevölkerung","","",""
"Ausländer_innenanteil","gesamt","2012","02 Ludwigsvorstadt - Isarvorstadt","27.4","13604","49657","","","","Anzahl aller ausländischen Einwohner","Anzahl der gesamten Hauptwohnsitzbevölkerung","","",""
"Ausländer_innenanteil","gesamt","2012","03 Maxvorstadt","24","12225","50877","","","","Anzahl aller ausländischen Einwohner","Anzahl der gesamten Hauptwohnsitzbevölkerung","","",""
"Ausländer_innenanteil","gesamt","2012","04 Schwabing - West","20.8","13462","64768","","","","Anzahl aller ausländischen Einwohner","Anzahl der gesamten Hauptwohnsitzbevölkerung","","",""
"Ausländer_innenanteil","gesamt","2012","05 Au - Haidhausen","22.2","13049","58881","","","","Anzahl aller ausländischen Einwohner","Anzahl der gesamten Hauptwohnsitzbevölkerung","","",""
"Ausländer_innenanteil","gesamt","2012","06 Sendling","25.5","10088","39567","","","","Anzahl aller ausländischen Einwohner","Anzahl der gesamten Hauptwohnsitzbevölkerung","","",""
"Ausländer_innenanteil","gesamt","2012","07 Sendling - Westpark","25.4","13829","54552","","","","Anzahl aller ausländischen Einwohner","Anzahl der gesamten Hauptwohnsitzbevölkerung","","",""
"Ausländer_innenanteil","gesamt","2012","08 Schwanthalerhöhe","33.4","9814","29402","","","","Anzahl aller ausländischen Einwohner","Anzahl der gesamten Hauptwohnsitzbevölkerung","","",""
"Ausländer_innenanteil","gesamt","2012","09 Neuhausen - Nymphenburg","22.4","21126","94257","","","","Anzahl aller ausländischen Einwohner","Anzahl der gesamten Hauptwohnsitzbevölkerung","","",""
"Ausländer_innenanteil","gesamt","2012","10 Moosach","27.9","14038","50253","","","","Anzahl aller ausländischen Einwohner","Anzahl der gesamten Hauptwohnsitzbevölkerung","","",""
"Ausländer_innenanteil","gesamt","2012","11 Milbertshofen - Am Hart","37.5","27197","72506","","","","Anzahl aller ausländischen Einwohner","Anzahl der gesamten Hauptwohnsitzbevölkerung","","",""
"Ausländer_innenanteil","gesamt","2012","12 Schwabing - Freimann","24.2","16605","68530","","","","Anzahl aller ausländischen Einwohner","Anzahl der gesamten Hauptwohnsitzbevölkerung","","",""
"Ausländer_innenanteil","gesamt","2012","13 Bogenhausen","20","16166","80816","","","","Anzahl aller ausländischen Einwohner","Anzahl der gesamten Hauptwohnsitzbevölkerung","","",""
"Ausländer_innenanteil","gesamt","2012","14 Berg am Laim","28.2","11933","42310","","","","Anzahl aller ausländischen Einwohner","Anzahl der gesamten Hauptwohnsitzbevölkerung","","",""
"Ausländer_innenanteil","gesamt","2012","15 Trudering - Riem","18.9","12466","65869","","","","Anzahl aller ausländischen Einwohner","Anzahl der gesamten Hauptwohnsitzbevölkerung","","",""
"Ausländer_innenanteil","gesamt","2012","16 Ramersdorf - Perlach","29.7","31778","107164","","","","Anzahl aller ausländischen Einwohner","Anzahl der gesamten Hauptwohnsitzbevölkerung","","",""
"Ausländer_innenanteil","gesamt","2012","17 Obergiesing - Fasangarten","29.1","14909","51183","","","","Anzahl aller ausländischen Einwohner","Anzahl der gesamten Hauptwohnsitzbevölkerung","","",""
"Ausländer_innenanteil","gesamt","2012","18 Untergiesing - Harlaching","20.8","10649","51180","","","","Anzahl aller ausländischen Einwohner","Anzahl der gesamten Hauptwohnsitzbevölkerung","","",""
"Ausländer_innenanteil","gesamt","2012","19 Thalkirchen - Obersendling - Forstenried - Fürstenried - Solln","21.7","18895","87271","","","","Anzahl aller ausländischen Einwohner","Anzahl der gesamten Hauptwohnsitzbevölkerung","","",""
"Ausländer_innenanteil","gesamt","2012","20 Hadern","22.8","10914","47949","","","","Anzahl aller ausländischen Einwohner","Anzahl der gesamten Hauptwohnsitzbevölkerung","","",""
"Ausländer_innenanteil","gesamt","2012","21 Pasing - Obermenzing","18.6","12882","69295","","","","Anzahl aller ausländischen Einwohner","Anzahl der gesamten Hauptwohnsitzbevölkerung","","",""
"Ausländer_innenanteil","gesamt","2012","22 Aubing - Lochhausen - Langwied","21.4","8806","41116","","","","Anzahl aller ausländischen Einwohner","Anzahl der gesamten Hauptwohnsitzbevölkerung","","",""
"Ausländer_innenanteil","gesamt","2012","23 Allach - Untermenzing","17.8","5396","30393","","","","Anzahl aller ausländischen Einwohner","Anzahl der gesamten Hauptwohnsitzbevölkerung","","",""
"Ausländer_innenanteil","gesamt","2012","24 Feldmoching - Hasenbergl","28.4","16556","58245","","","","Anzahl aller ausländischen Einwohner","Anzahl der gesamten Hauptwohnsitzbevölkerung","","",""
"Ausländer_innenanteil","gesamt","2012","25 Laim","23.8","12675","53359","","","","Anzahl aller ausländischen Einwohner","Anzahl der gesamten Hauptwohnsitzbevölkerung","","",""
"Ausländer_innenanteil","gesamt","2011","Stadt München","23.7","334735","1410741","","","","Anzahl aller ausländischen Einwohner","Anzahl der gesamten Hauptwohnsitzbevölkerung","","",""
"Ausländer_innenanteil","gesamt","2011","01 Altstadt - Lehel","22.1","4356","19707","","","","Anzahl aller ausländischen Einwohner","Anzahl der gesamten Hauptwohnsitzbevölkerung","","",""
"Ausländer_innenanteil","gesamt","2011","02 Ludwigsvorstadt - Isarvorstadt","26.2","12614","48231","","","","Anzahl aller ausländischen Einwohner","Anzahl der gesamten Hauptwohnsitzbevölkerung","","",""
"Ausländer_innenanteil","gesamt","2011","03 Maxvorstadt","22.9","11356","49498","","","","Anzahl aller ausländischen Einwohner","Anzahl der gesamten Hauptwohnsitzbevölkerung","","",""
"Ausländer_innenanteil","gesamt","2011","04 Schwabing - West","20.2","12882","63644","","","","Anzahl aller ausländischen Einwohner","Anzahl der gesamten Hauptwohnsitzbevölkerung","","",""
"Ausländer_innenanteil","gesamt","2011","05 Au - Haidhausen","21.7","12423","57297","","","","Anzahl aller ausländischen Einwohner","Anzahl der gesamten Hauptwohnsitzbevölkerung","","",""
"Ausländer_innenanteil","gesamt","2011","06 Sendling","24.8","9678","39002","","","","Anzahl aller ausländischen Einwohner","Anzahl der gesamten Hauptwohnsitzbevölkerung","","",""
"Ausländer_innenanteil","gesamt","2011","07 Sendling - Westpark","24.2","12907","53271","","","","Anzahl aller ausländischen Einwohner","Anzahl der gesamten Hauptwohnsitzbevölkerung","","",""
"Ausländer_innenanteil","gesamt","2011","08 Schwanthalerhöhe","33.5","9603","28678","","","","Anzahl aller ausländischen Einwohner","Anzahl der gesamten Hauptwohnsitzbevölkerung","","",""
"Ausländer_innenanteil","gesamt","2011","09 Neuhausen - Nymphenburg","21.5","19848","92139","","","","Anzahl aller ausländischen Einwohner","Anzahl der gesamten Hauptwohnsitzbevölkerung","","",""
"Ausländer_innenanteil","gesamt","2011","10 Moosach","27.2","13418","49384","","","","Anzahl aller ausländischen Einwohner","Anzahl der gesamten Hauptwohnsitzbevölkerung","","",""
"Ausländer_innenanteil","gesamt","2011","11 Milbertshofen - Am Hart","36.2","25517","70470","","","","Anzahl aller ausländischen Einwohner","Anzahl der gesamten Hauptwohnsitzbevölkerung","","",""
"Ausländer_innenanteil","gesamt","2011","12 Schwabing - Freimann","23.3","15521","66706","","","","Anzahl aller ausländischen Einwohner","Anzahl der gesamten Hauptwohnsitzbevölkerung","","",""
"Ausländer_innenanteil","gesamt","2011","13 Bogenhausen","18.8","14913","79175","","","","Anzahl aller ausländischen Einwohner","Anzahl der gesamten Hauptwohnsitzbevölkerung","","",""
"Ausländer_innenanteil","gesamt","2011","14 Berg am Laim","27.5","11358","41342","","","","Anzahl aller ausländischen Einwohner","Anzahl der gesamten Hauptwohnsitzbevölkerung","","",""
"Ausländer_innenanteil","gesamt","2011","15 Trudering - Riem","18.7","12173","64983","","","","Anzahl aller ausländischen Einwohner","Anzahl der gesamten Hauptwohnsitzbevölkerung","","",""
"Ausländer_innenanteil","gesamt","2011","16 Ramersdorf - Perlach","28.8","30494","105900","","","","Anzahl aller ausländischen Einwohner","Anzahl der gesamten Hauptwohnsitzbevölkerung","","",""
"Ausländer_innenanteil","gesamt","2011","17 Obergiesing - Fasangarten","28.6","14509","50656","","","","Anzahl aller ausländischen Einwohner","Anzahl der gesamten Hauptwohnsitzbevölkerung","","",""
"Ausländer_innenanteil","gesamt","2011","18 Untergiesing - Harlaching","20.2","10179","50455","","","","Anzahl aller ausländischen Einwohner","Anzahl der gesamten Hauptwohnsitzbevölkerung","","",""
"Ausländer_innenanteil","gesamt","2011","19 Thalkirchen - Obersendling - Forstenried - Fürstenried - Solln","20.9","17844","85468","","","","Anzahl aller ausländischen Einwohner","Anzahl der gesamten Hauptwohnsitzbevölkerung","","",""
"Ausländer_innenanteil","gesamt","2011","20 Hadern","22","10419","47459","","","","Anzahl aller ausländischen Einwohner","Anzahl der gesamten Hauptwohnsitzbevölkerung","","",""
"Ausländer_innenanteil","gesamt","2011","21 Pasing - Obermenzing","17.7","12014","67878","","","","Anzahl aller ausländischen Einwohner","Anzahl der gesamten Hauptwohnsitzbevölkerung","","",""
"Ausländer_innenanteil","gesamt","2011","22 Aubing - Lochhausen - Langwied","20.3","8078","39789","","","","Anzahl aller ausländischen Einwohner","Anzahl der gesamten Hauptwohnsitzbevölkerung","","",""
"Ausländer_innenanteil","gesamt","2011","23 Allach - Untermenzing","16.6","4933","29693","","","","Anzahl aller ausländischen Einwohner","Anzahl der gesamten Hauptwohnsitzbevölkerung","","",""
"Ausländer_innenanteil","gesamt","2011","24 Feldmoching - Hasenbergl","27.4","15689","57183","","","","Anzahl aller ausländischen Einwohner","Anzahl der gesamten Hauptwohnsitzbevölkerung","","",""
"Ausländer_innenanteil","gesamt","2011","25 Laim","22.8","12009","52733","","","","Anzahl aller ausländischen Einwohner","Anzahl der gesamten Hauptwohnsitzbevölkerung","","",""
"Ausländer_innenanteil","gesamt","2010","Stadt München","23","317454","1382273","","","","Anzahl aller ausländischen Einwohner","Anzahl der gesamten Hauptwohnsitzbevölkerung","","",""
"Ausländer_innenanteil","gesamt","2010","01 Altstadt - Lehel","21","4039","19207","","","","Anzahl aller ausländischen Einwohner","Anzahl der gesamten Hauptwohnsitzbevölkerung","","",""
"Ausländer_innenanteil","gesamt","2010","02 Ludwigsvorstadt - Isarvorstadt","25.9","12255","47357","","","","Anzahl aller ausländischen Einwohner","Anzahl der gesamten Hauptwohnsitzbevölkerung","","",""
"Ausländer_innenanteil","gesamt","2010","03 Maxvorstadt","22.2","10865","48875","","","","Anzahl aller ausländischen Einwohner","Anzahl der gesamten Hauptwohnsitzbevölkerung","","",""
"Ausländer_innenanteil","gesamt","2010","04 Schwabing - West","19.9","12481","62856","","","","Anzahl aller ausländischen Einwohner","Anzahl der gesamten Hauptwohnsitzbevölkerung","","",""
"Ausländer_innenanteil","gesamt","2010","05 Au - Haidhausen","21.2","11968","56322","","","","Anzahl aller ausländischen Einwohner","Anzahl der gesamten Hauptwohnsitzbevölkerung","","",""
"Ausländer_innenanteil","gesamt","2010","06 Sendling","24.2","9344","38567","","","","Anzahl aller ausländischen Einwohner","Anzahl der gesamten Hauptwohnsitzbevölkerung","","",""
"Ausländer_innenanteil","gesamt","2010","07 Sendling - Westpark","23.3","12220","52495","","","","Anzahl aller ausländischen Einwohner","Anzahl der gesamten Hauptwohnsitzbevölkerung","","",""
"Ausländer_innenanteil","gesamt","2010","08 Schwanthalerhöhe","33.2","9286","28004","","","","Anzahl aller ausländischen Einwohner","Anzahl der gesamten Hauptwohnsitzbevölkerung","","",""
"Ausländer_innenanteil","gesamt","2010","09 Neuhausen - Nymphenburg","20.7","18464","89286","","","","Anzahl aller ausländischen Einwohner","Anzahl der gesamten Hauptwohnsitzbevölkerung","","",""
"Ausländer_innenanteil","gesamt","2010","10 Moosach","26","12567","48421","","","","Anzahl aller ausländischen Einwohner","Anzahl der gesamten Hauptwohnsitzbevölkerung","","",""
"Ausländer_innenanteil","gesamt","2010","11 Milbertshofen - Am Hart","35.3","24373","68970","","","","Anzahl aller ausländischen Einwohner","Anzahl der gesamten Hauptwohnsitzbevölkerung","","",""
"Ausländer_innenanteil","gesamt","2010","12 Schwabing - Freimann","22.5","14672","65158","","","","Anzahl aller ausländischen Einwohner","Anzahl der gesamten Hauptwohnsitzbevölkerung","","",""
"Ausländer_innenanteil","gesamt","2010","13 Bogenhausen","18","13987","77542","","","","Anzahl aller ausländischen Einwohner","Anzahl der gesamten Hauptwohnsitzbevölkerung","","",""
"Ausländer_innenanteil","gesamt","2010","14 Berg am Laim","27","10960","40550","","","","Anzahl aller ausländischen Einwohner","Anzahl der gesamten Hauptwohnsitzbevölkerung","","",""
"Ausländer_innenanteil","gesamt","2010","15 Trudering - Riem","17.7","11078","62756","","","","Anzahl aller ausländischen Einwohner","Anzahl der gesamten Hauptwohnsitzbevölkerung","","",""
"Ausländer_innenanteil","gesamt","2010","16 Ramersdorf - Perlach","28","29308","104737","","","","Anzahl aller ausländischen Einwohner","Anzahl der gesamten Hauptwohnsitzbevölkerung","","",""
"Ausländer_innenanteil","gesamt","2010","17 Obergiesing - Fasangarten","27.9","13665","49030","","","","Anzahl aller ausländischen Einwohner","Anzahl der gesamten Hauptwohnsitzbevölkerung","","",""
"Ausländer_innenanteil","gesamt","2010","18 Untergiesing - Harlaching","19.3","9574","49502","","","","Anzahl aller ausländischen Einwohner","Anzahl der gesamten Hauptwohnsitzbevölkerung","","",""
"Ausländer_innenanteil","gesamt","2010","19 Thalkirchen - Obersendling - Forstenried - Fürstenried - Solln","19.7","16467","83584","","","","Anzahl aller ausländischen Einwohner","Anzahl der gesamten Hauptwohnsitzbevölkerung","","",""
"Ausländer_innenanteil","gesamt","2010","20 Hadern","21.5","10076","46851","","","","Anzahl aller ausländischen Einwohner","Anzahl der gesamten Hauptwohnsitzbevölkerung","","",""
"Ausländer_innenanteil","gesamt","2010","21 Pasing - Obermenzing","16.9","11221","66244","","","","Anzahl aller ausländischen Einwohner","Anzahl der gesamten Hauptwohnsitzbevölkerung","","",""
"Ausländer_innenanteil","gesamt","2010","22 Aubing - Lochhausen - Langwied","19.5","7574","38863","","","","Anzahl aller ausländischen Einwohner","Anzahl der gesamten Hauptwohnsitzbevölkerung","","",""
"Ausländer_innenanteil","gesamt","2010","23 Allach - Untermenzing","15.9","4639","29161","","","","Anzahl aller ausländischen Einwohner","Anzahl der gesamten Hauptwohnsitzbevölkerung","","",""
"Ausländer_innenanteil","gesamt","2010","24 Feldmoching - Hasenbergl","26.8","15015","56130","","","","Anzahl aller ausländischen Einwohner","Anzahl der gesamten Hauptwohnsitzbevölkerung","","",""
"Ausländer_innenanteil","gesamt","2010","25 Laim","21.9","11356","51805","","","","Anzahl aller ausländischen Einwohner","Anzahl der gesamten Hauptwohnsitzbevölkerung","","",""
"Ausländer_innenanteil","gesamt","2009","Stadt München","22.6","308569","1364194","","","","Anzahl aller ausländischen Einwohner","Anzahl der gesamten Hauptwohnsitzbevölkerung","","",""
"Ausländer_innenanteil","gesamt","2009","01 Altstadt - Lehel","20.7","3925","18932","","","","Anzahl aller ausländischen Einwohner","Anzahl der gesamten Hauptwohnsitzbevölkerung","","",""
"Ausländer_innenanteil","gesamt","2009","02 Ludwigsvorstadt - Isarvorstadt","25.7","11944","46446","","","","Anzahl aller ausländischen Einwohner","Anzahl der gesamten Hauptwohnsitzbevölkerung","","",""
"Ausländer_innenanteil","gesamt","2009","03 Maxvorstadt","22.4","10888","48619","","","","Anzahl aller ausländischen Einwohner","Anzahl der gesamten Hauptwohnsitzbevölkerung","","",""
"Ausländer_innenanteil","gesamt","2009","04 Schwabing - West","19.6","12181","62028","","","","Anzahl aller ausländischen Einwohner","Anzahl der gesamten Hauptwohnsitzbevölkerung","","",""
"Ausländer_innenanteil","gesamt","2009","05 Au - Haidhausen","21.2","11765","55590","","","","Anzahl aller ausländischen Einwohner","Anzahl der gesamten Hauptwohnsitzbevölkerung","","",""
"Ausländer_innenanteil","gesamt","2009","06 Sendling","24.3","9250","38112","","","","Anzahl aller ausländischen Einwohner","Anzahl der gesamten Hauptwohnsitzbevölkerung","","",""
"Ausländer_innenanteil","gesamt","2009","07 Sendling - Westpark","22.7","11825","52185","","","","Anzahl aller ausländischen Einwohner","Anzahl der gesamten Hauptwohnsitzbevölkerung","","",""
"Ausländer_innenanteil","gesamt","2009","08 Schwanthalerhöhe","33.6","9358","27814","","","","Anzahl aller ausländischen Einwohner","Anzahl der gesamten Hauptwohnsitzbevölkerung","","",""
"Ausländer_innenanteil","gesamt","2009","09 Neuhausen - Nymphenburg","20.7","18147","87846","","","","Anzahl aller ausländischen Einwohner","Anzahl der gesamten Hauptwohnsitzbevölkerung","","",""
"Ausländer_innenanteil","gesamt","2009","10 Moosach","26","12679","48692","","","","Anzahl aller ausländischen Einwohner","Anzahl der gesamten Hauptwohnsitzbevölkerung","","",""
"Ausländer_innenanteil","gesamt","2009","11 Milbertshofen - Am Hart","34.8","23683","68023","","","","Anzahl aller ausländischen Einwohner","Anzahl der gesamten Hauptwohnsitzbevölkerung","","",""
"Ausländer_innenanteil","gesamt","2009","12 Schwabing - Freimann","22","14013","63720","","","","Anzahl aller ausländischen Einwohner","Anzahl der gesamten Hauptwohnsitzbevölkerung","","",""
"Ausländer_innenanteil","gesamt","2009","13 Bogenhausen","17.8","13628","76684","","","","Anzahl aller ausländischen Einwohner","Anzahl der gesamten Hauptwohnsitzbevölkerung","","",""
"Ausländer_innenanteil","gesamt","2009","14 Berg am Laim","26.6","10579","39787","","","","Anzahl aller ausländischen Einwohner","Anzahl der gesamten Hauptwohnsitzbevölkerung","","",""
"Ausländer_innenanteil","gesamt","2009","15 Trudering - Riem","17","10321","60879","","","","Anzahl aller ausländischen Einwohner","Anzahl der gesamten Hauptwohnsitzbevölkerung","","",""
"Ausländer_innenanteil","gesamt","2009","16 Ramersdorf - Perlach","27.3","28340","103732","","","","Anzahl aller ausländischen Einwohner","Anzahl der gesamten Hauptwohnsitzbevölkerung","","",""
"Ausländer_innenanteil","gesamt","2009","17 Obergiesing - Fasangarten","27.7","13407","48425","","","","Anzahl aller ausländischen Einwohner","Anzahl der gesamten Hauptwohnsitzbevölkerung","","",""
"Ausländer_innenanteil","gesamt","2009","18 Untergiesing - Harlaching","18.9","9263","48911","","","","Anzahl aller ausländischen Einwohner","Anzahl der gesamten Hauptwohnsitzbevölkerung","","",""
"Ausländer_innenanteil","gesamt","2009","19 Thalkirchen - Obersendling - Forstenried - Fürstenried - Solln","19","15647","82482","","","","Anzahl aller ausländischen Einwohner","Anzahl der gesamten Hauptwohnsitzbevölkerung","","",""
"Ausländer_innenanteil","gesamt","2009","20 Hadern","21.5","9973","46490","","","","Anzahl aller ausländischen Einwohner","Anzahl der gesamten Hauptwohnsitzbevölkerung","","",""
"Ausländer_innenanteil","gesamt","2009","21 Pasing - Obermenzing","16.5","10792","65279","","","","Anzahl aller ausländischen Einwohner","Anzahl der gesamten Hauptwohnsitzbevölkerung","","",""
"Ausländer_innenanteil","gesamt","2009","22 Aubing - Lochhausen - Langwied","18.7","7157","38268","","","","Anzahl aller ausländischen Einwohner","Anzahl der gesamten Hauptwohnsitzbevölkerung","","",""
"Ausländer_innenanteil","gesamt","2009","23 Allach - Untermenzing","15.6","4480","28732","","","","Anzahl aller ausländischen Einwohner","Anzahl der gesamten Hauptwohnsitzbevölkerung","","",""
"Ausländer_innenanteil","gesamt","2009","24 Feldmoching - Hasenbergl","25.9","14265","55180","","","","Anzahl aller ausländischen Einwohner","Anzahl der gesamten Hauptwohnsitzbevölkerung","","",""
"Ausländer_innenanteil","gesamt","2009","25 Laim","21.5","11059","51338","","","","Anzahl aller ausländischen Einwohner","Anzahl der gesamten Hauptwohnsitzbevölkerung","","",""
"Ausländer_innenanteil","gesamt","2008","Stadt München","23.1","315924","1367314","","","","Anzahl aller ausländischen Einwohner","Anzahl der gesamten Hauptwohnsitzbevölkerung","","",""
"Ausländer_innenanteil","gesamt","2008","01 Altstadt - Lehel","22.5","4386","19505","","","","Anzahl aller ausländischen Einwohner","Anzahl der gesamten Hauptwohnsitzbevölkerung","","",""
"Ausländer_innenanteil","gesamt","2008","02 Ludwigsvorstadt - Isarvorstadt","27.4","13042","47599","","","","Anzahl aller ausländischen Einwohner","Anzahl der gesamten Hauptwohnsitzbevölkerung","","",""
"Ausländer_innenanteil","gesamt","2008","03 Maxvorstadt","23.1","11304","48884","","","","Anzahl aller ausländischen Einwohner","Anzahl der gesamten Hauptwohnsitzbevölkerung","","",""
"Ausländer_innenanteil","gesamt","2008","04 Schwabing - West","20.2","12635","62541","","","","Anzahl aller ausländischen Einwohner","Anzahl der gesamten Hauptwohnsitzbevölkerung","","",""
"Ausländer_innenanteil","gesamt","2008","05 Au - Haidhausen","21.9","12247","55853","","","","Anzahl aller ausländischen Einwohner","Anzahl der gesamten Hauptwohnsitzbevölkerung","","",""
"Ausländer_innenanteil","gesamt","2008","06 Sendling","25.4","9730","38335","","","","Anzahl aller ausländischen Einwohner","Anzahl der gesamten Hauptwohnsitzbevölkerung","","",""
"Ausländer_innenanteil","gesamt","2008","07 Sendling - Westpark","23","12011","52257","","","","Anzahl aller ausländischen Einwohner","Anzahl der gesamten Hauptwohnsitzbevölkerung","","",""
"Ausländer_innenanteil","gesamt","2008","08 Schwanthalerhöhe","35.3","9819","27778","","","","Anzahl aller ausländischen Einwohner","Anzahl der gesamten Hauptwohnsitzbevölkerung","","",""
"Ausländer_innenanteil","gesamt","2008","09 Neuhausen - Nymphenburg","21.2","18436","87043","","","","Anzahl aller ausländischen Einwohner","Anzahl der gesamten Hauptwohnsitzbevölkerung","","",""
"Ausländer_innenanteil","gesamt","2008","10 Moosach","25.5","12352","48451","","","","Anzahl aller ausländischen Einwohner","Anzahl der gesamten Hauptwohnsitzbevölkerung","","",""
"Ausländer_innenanteil","gesamt","2008","11 Milbertshofen - Am Hart","35.3","24105","68198","","","","Anzahl aller ausländischen Einwohner","Anzahl der gesamten Hauptwohnsitzbevölkerung","","",""
"Ausländer_innenanteil","gesamt","2008","12 Schwabing - Freimann","22.7","14581","64350","","","","Anzahl aller ausländischen Einwohner","Anzahl der gesamten Hauptwohnsitzbevölkerung","","",""
"Ausländer_innenanteil","gesamt","2008","13 Bogenhausen","18.3","14097","77112","","","","Anzahl aller ausländischen Einwohner","Anzahl der gesamten Hauptwohnsitzbevölkerung","","",""
"Ausländer_innenanteil","gesamt","2008","14 Berg am Laim","26.8","10746","40038","","","","Anzahl aller ausländischen Einwohner","Anzahl der gesamten Hauptwohnsitzbevölkerung","","",""
"Ausländer_innenanteil","gesamt","2008","15 Trudering - Riem","16.7","9876","59031","","","","Anzahl aller ausländischen Einwohner","Anzahl der gesamten Hauptwohnsitzbevölkerung","","",""
"Ausländer_innenanteil","gesamt","2008","16 Ramersdorf - Perlach","27.5","28602","104089","","","","Anzahl aller ausländischen Einwohner","Anzahl der gesamten Hauptwohnsitzbevölkerung","","",""
"Ausländer_innenanteil","gesamt","2008","17 Obergiesing - Fasangarten","27.7","13394","48282","","","","Anzahl aller ausländischen Einwohner","Anzahl der gesamten Hauptwohnsitzbevölkerung","","",""
"Ausländer_innenanteil","gesamt","2008","18 Untergiesing - Harlaching","19.8","9765","49391","","","","Anzahl aller ausländischen Einwohner","Anzahl der gesamten Hauptwohnsitzbevölkerung","","",""
"Ausländer_innenanteil","gesamt","2008","19 Thalkirchen - Obersendling - Forstenried - Fürstenried - Solln","19.3","15964","82771","","","","Anzahl aller ausländischen Einwohner","Anzahl der gesamten Hauptwohnsitzbevölkerung","","",""
"Ausländer_innenanteil","gesamt","2008","20 Hadern","21.4","9947","46385","","","","Anzahl aller ausländischen Einwohner","Anzahl der gesamten Hauptwohnsitzbevölkerung","","",""
"Ausländer_innenanteil","gesamt","2008","21 Pasing - Obermenzing","16.9","11025","65290","","","","Anzahl aller ausländischen Einwohner","Anzahl der gesamten Hauptwohnsitzbevölkerung","","",""
"Ausländer_innenanteil","gesamt","2008","22 Aubing - Lochhausen - Langwied","18.8","7213","38327","","","","Anzahl aller ausländischen Einwohner","Anzahl der gesamten Hauptwohnsitzbevölkerung","","",""
"Ausländer_innenanteil","gesamt","2008","23 Allach - Untermenzing","16.1","4646","28796","","","","Anzahl aller ausländischen Einwohner","Anzahl der gesamten Hauptwohnsitzbevölkerung","","",""
"Ausländer_innenanteil","gesamt","2008","24 Feldmoching - Hasenbergl","26.6","14780","55667","","","","Anzahl aller ausländischen Einwohner","Anzahl der gesamten Hauptwohnsitzbevölkerung","","",""
"Ausländer_innenanteil","gesamt","2008","25 Laim","21.8","11209","51329","","","","Anzahl aller ausländischen Einwohner","Anzahl der gesamten Hauptwohnsitzbevölkerung","","",""
"Ausländer_innenanteil","gesamt","2007","Stadt München","23","311321","1351445","","","","Anzahl aller ausländischen Einwohner","Anzahl der gesamten Hauptwohnsitzbevölkerung","","",""
"Ausländer_innenanteil","gesamt","2007","01 Altstadt - Lehel","22.3","4290","19228","","","","Anzahl aller ausländischen Einwohner","Anzahl der gesamten Hauptwohnsitzbevölkerung","","",""
"Ausländer_innenanteil","gesamt","2007","02 Ludwigsvorstadt - Isarvorstadt","27.6","12824","46520","","","","Anzahl aller ausländischen Einwohner","Anzahl der gesamten Hauptwohnsitzbevölkerung","","",""
"Ausländer_innenanteil","gesamt","2007","03 Maxvorstadt","23.3","11111","47711","","","","Anzahl aller ausländischen Einwohner","Anzahl der gesamten Hauptwohnsitzbevölkerung","","",""
"Ausländer_innenanteil","gesamt","2007","04 Schwabing - West","20.6","12653","61514","","","","Anzahl aller ausländischen Einwohner","Anzahl der gesamten Hauptwohnsitzbevölkerung","","",""
"Ausländer_innenanteil","gesamt","2007","05 Au - Haidhausen","22.2","12247","55288","","","","Anzahl aller ausländischen Einwohner","Anzahl der gesamten Hauptwohnsitzbevölkerung","","",""
"Ausländer_innenanteil","gesamt","2007","06 Sendling","25.7","9732","37940","","","","Anzahl aller ausländischen Einwohner","Anzahl der gesamten Hauptwohnsitzbevölkerung","","",""
"Ausländer_innenanteil","gesamt","2007","07 Sendling - Westpark","22.9","11830","51745","","","","Anzahl aller ausländischen Einwohner","Anzahl der gesamten Hauptwohnsitzbevölkerung","","",""
"Ausländer_innenanteil","gesamt","2007","08 Schwanthalerhöhe","35.3","9491","26877","","","","Anzahl aller ausländischen Einwohner","Anzahl der gesamten Hauptwohnsitzbevölkerung","","",""
"Ausländer_innenanteil","gesamt","2007","09 Neuhausen - Nymphenburg","21.1","18118","85964","","","","Anzahl aller ausländischen Einwohner","Anzahl der gesamten Hauptwohnsitzbevölkerung","","",""
"Ausländer_innenanteil","gesamt","2007","10 Moosach","25.2","12192","48306","","","","Anzahl aller ausländischen Einwohner","Anzahl der gesamten Hauptwohnsitzbevölkerung","","",""
"Ausländer_innenanteil","gesamt","2007","11 Milbertshofen - Am Hart","35.2","23903","67864","","","","Anzahl aller ausländischen Einwohner","Anzahl der gesamten Hauptwohnsitzbevölkerung","","",""
"Ausländer_innenanteil","gesamt","2007","12 Schwabing - Freimann","22.8","14542","63832","","","","Anzahl aller ausländischen Einwohner","Anzahl der gesamten Hauptwohnsitzbevölkerung","","",""
"Ausländer_innenanteil","gesamt","2007","13 Bogenhausen","18.1","13892","76709","","","","Anzahl aller ausländischen Einwohner","Anzahl der gesamten Hauptwohnsitzbevölkerung","","",""
"Ausländer_innenanteil","gesamt","2007","14 Berg am Laim","26.4","10521","39783","","","","Anzahl aller ausländischen Einwohner","Anzahl der gesamten Hauptwohnsitzbevölkerung","","",""
"Ausländer_innenanteil","gesamt","2007","15 Trudering - Riem","16.3","9223","56487","","","","Anzahl aller ausländischen Einwohner","Anzahl der gesamten Hauptwohnsitzbevölkerung","","",""
"Ausländer_innenanteil","gesamt","2007","16 Ramersdorf - Perlach","27.1","28005","103447","","","","Anzahl aller ausländischen Einwohner","Anzahl der gesamten Hauptwohnsitzbevölkerung","","",""
"Ausländer_innenanteil","gesamt","2007","17 Obergiesing - Fasangarten","27.5","13153","47791","","","","Anzahl aller ausländischen Einwohner","Anzahl der gesamten Hauptwohnsitzbevölkerung","","",""
"Ausländer_innenanteil","gesamt","2007","18 Untergiesing - Harlaching","19.7","9659","48990","","","","Anzahl aller ausländischen Einwohner","Anzahl der gesamten Hauptwohnsitzbevölkerung","","",""
"Ausländer_innenanteil","gesamt","2007","19 Thalkirchen - Obersendling - Forstenried - Fürstenried - Solln","19.3","15849","82283","","","","Anzahl aller ausländischen Einwohner","Anzahl der gesamten Hauptwohnsitzbevölkerung","","",""
"Ausländer_innenanteil","gesamt","2007","20 Hadern","21.2","9744","46059","","","","Anzahl aller ausländischen Einwohner","Anzahl der gesamten Hauptwohnsitzbevölkerung","","",""
"Ausländer_innenanteil","gesamt","2007","21 Pasing - Obermenzing","17.1","11067","64773","","","","Anzahl aller ausländischen Einwohner","Anzahl der gesamten Hauptwohnsitzbevölkerung","","",""
"Ausländer_innenanteil","gesamt","2007","22 Aubing - Lochhausen - Langwied","18.6","7082","38091","","","","Anzahl aller ausländischen Einwohner","Anzahl der gesamten Hauptwohnsitzbevölkerung","","",""
"Ausländer_innenanteil","gesamt","2007","23 Allach - Untermenzing","16.1","4540","28165","","","","Anzahl aller ausländischen Einwohner","Anzahl der gesamten Hauptwohnsitzbevölkerung","","",""
"Ausländer_innenanteil","gesamt","2007","24 Feldmoching - Hasenbergl","26.4","14642","55475","","","","Anzahl aller ausländischen Einwohner","Anzahl der gesamten Hauptwohnsitzbevölkerung","","",""
"Ausländer_innenanteil","gesamt","2007","25 Laim","21.8","11010","50600","","","","Anzahl aller ausländischen Einwohner","Anzahl der gesamten Hauptwohnsitzbevölkerung","","",""
"Ausländer_innenanteil","gesamt","2006","Stadt München","23","304445","1326206","","","","Anzahl aller ausländischen Einwohner","Anzahl der gesamten Hauptwohnsitzbevölkerung","","",""
"Ausländer_innenanteil","gesamt","2006","01 Altstadt - Lehel","22","4154","18876","","","","Anzahl aller ausländischen Einwohner","Anzahl der gesamten Hauptwohnsitzbevölkerung","","",""
"Ausländer_innenanteil","gesamt","2006","02 Ludwigsvorstadt - Isarvorstadt","28","12797","45736","","","","Anzahl aller ausländischen Einwohner","Anzahl der gesamten Hauptwohnsitzbevölkerung","","",""
"Ausländer_innenanteil","gesamt","2006","03 Maxvorstadt","23.5","10838","46058","","","","Anzahl aller ausländischen Einwohner","Anzahl der gesamten Hauptwohnsitzbevölkerung","","",""
"Ausländer_innenanteil","gesamt","2006","04 Schwabing - West","20.7","12323","59553","","","","Anzahl aller ausländischen Einwohner","Anzahl der gesamten Hauptwohnsitzbevölkerung","","",""
"Ausländer_innenanteil","gesamt","2006","05 Au - Haidhausen","22.7","12367","54382","","","","Anzahl aller ausländischen Einwohner","Anzahl der gesamten Hauptwohnsitzbevölkerung","","",""
"Ausländer_innenanteil","gesamt","2006","06 Sendling","25.6","9518","37146","","","","Anzahl aller ausländischen Einwohner","Anzahl der gesamten Hauptwohnsitzbevölkerung","","",""
"Ausländer_innenanteil","gesamt","2006","07 Sendling - Westpark","23.1","11746","50903","","","","Anzahl aller ausländischen Einwohner","Anzahl der gesamten Hauptwohnsitzbevölkerung","","",""
"Ausländer_innenanteil","gesamt","2006","08 Schwanthalerhöhe","36","9393","26103","","","","Anzahl aller ausländischen Einwohner","Anzahl der gesamten Hauptwohnsitzbevölkerung","","",""
"Ausländer_innenanteil","gesamt","2006","09 Neuhausen - Nymphenburg","21.3","18016","84604","","","","Anzahl aller ausländischen Einwohner","Anzahl der gesamten Hauptwohnsitzbevölkerung","","",""
"Ausländer_innenanteil","gesamt","2006","10 Moosach","25","11942","47754","","","","Anzahl aller ausländischen Einwohner","Anzahl der gesamten Hauptwohnsitzbevölkerung","","",""
"Ausländer_innenanteil","gesamt","2006","11 Milbertshofen - Am Hart","34.9","23355","66992","","","","Anzahl aller ausländischen Einwohner","Anzahl der gesamten Hauptwohnsitzbevölkerung","","",""
"Ausländer_innenanteil","gesamt","2006","12 Schwabing - Freimann","22.9","14288","62430","","","","Anzahl aller ausländischen Einwohner","Anzahl der gesamten Hauptwohnsitzbevölkerung","","",""
"Ausländer_innenanteil","gesamt","2006","13 Bogenhausen","17.7","13419","75657","","","","Anzahl aller ausländischen Einwohner","Anzahl der gesamten Hauptwohnsitzbevölkerung","","",""
"Ausländer_innenanteil","gesamt","2006","14 Berg am Laim","26","10125","38995","","","","Anzahl aller ausländischen Einwohner","Anzahl der gesamten Hauptwohnsitzbevölkerung","","",""
"Ausländer_innenanteil","gesamt","2006","15 Trudering - Riem","16.2","8723","53915","","","","Anzahl aller ausländischen Einwohner","Anzahl der gesamten Hauptwohnsitzbevölkerung","","",""
"Ausländer_innenanteil","gesamt","2006","16 Ramersdorf - Perlach","27","27689","102689","","","","Anzahl aller ausländischen Einwohner","Anzahl der gesamten Hauptwohnsitzbevölkerung","","",""
"Ausländer_innenanteil","gesamt","2006","17 Obergiesing - Fasangarten","27.5","12914","47007","","","","Anzahl aller ausländischen Einwohner","Anzahl der gesamten Hauptwohnsitzbevölkerung","","",""
"Ausländer_innenanteil","gesamt","2006","18 Untergiesing - Harlaching","19.4","9337","48075","","","","Anzahl aller ausländischen Einwohner","Anzahl der gesamten Hauptwohnsitzbevölkerung","","",""
"Ausländer_innenanteil","gesamt","2006","19 Thalkirchen - Obersendling - Forstenried - Fürstenried - Solln","18.9","15219","80701","","","","Anzahl aller ausländischen Einwohner","Anzahl der gesamten Hauptwohnsitzbevölkerung","","",""
"Ausländer_innenanteil","gesamt","2006","20 Hadern","20.5","9218","44993","","","","Anzahl aller ausländischen Einwohner","Anzahl der gesamten Hauptwohnsitzbevölkerung","","",""
"Ausländer_innenanteil","gesamt","2006","21 Pasing - Obermenzing","17.1","10900","63763","","","","Anzahl aller ausländischen Einwohner","Anzahl der gesamten Hauptwohnsitzbevölkerung","","",""
"Ausländer_innenanteil","gesamt","2006","22 Aubing - Lochhausen - Langwied","18.5","7018","37857","","","","Anzahl aller ausländischen Einwohner","Anzahl der gesamten Hauptwohnsitzbevölkerung","","",""
"Ausländer_innenanteil","gesamt","2006","23 Allach - Untermenzing","16.2","4498","27730","","","","Anzahl aller ausländischen Einwohner","Anzahl der gesamten Hauptwohnsitzbevölkerung","","",""
"Ausländer_innenanteil","gesamt","2006","24 Feldmoching - Hasenbergl","25.7","13927","54245","","","","Anzahl aller ausländischen Einwohner","Anzahl der gesamten Hauptwohnsitzbevölkerung","","",""
"Ausländer_innenanteil","gesamt","2006","25 Laim","21.4","10715","50028","","","","Anzahl aller ausländischen Einwohner","Anzahl der gesamten Hauptwohnsitzbevölkerung","","",""
"Ausländer_innenanteil","gesamt","2005","Stadt München","23.3","300129","1288307","","","","Anzahl aller ausländischen Einwohner","Anzahl der gesamten Hauptwohnsitzbevölkerung","","",""
"Ausländer_innenanteil","gesamt","2005","01 Altstadt - Lehel","22.9","4261","18631","","","","Anzahl aller ausländischen Einwohner","Anzahl der gesamten Hauptwohnsitzbevölkerung","","",""
"Ausländer_innenanteil","gesamt","2005","02 Ludwigsvorstadt - Isarvorstadt","29.5","12953","43945","","","","Anzahl aller ausländischen Einwohner","Anzahl der gesamten Hauptwohnsitzbevölkerung","","",""
"Ausländer_innenanteil","gesamt","2005","03 Maxvorstadt","24.7","10442","42201","","","","Anzahl aller ausländischen Einwohner","Anzahl der gesamten Hauptwohnsitzbevölkerung","","",""
"Ausländer_innenanteil","gesamt","2005","04 Schwabing - West","21.6","12125","56033","","","","Anzahl aller ausländischen Einwohner","Anzahl der gesamten Hauptwohnsitzbevölkerung","","",""
"Ausländer_innenanteil","gesamt","2005","05 Au - Haidhausen","23.5","12322","52502","","","","Anzahl aller ausländischen Einwohner","Anzahl der gesamten Hauptwohnsitzbevölkerung","","",""
"Ausländer_innenanteil","gesamt","2005","06 Sendling","26.2","9425","35966","","","","Anzahl aller ausländischen Einwohner","Anzahl der gesamten Hauptwohnsitzbevölkerung","","",""
"Ausländer_innenanteil","gesamt","2005","07 Sendling - Westpark","23.2","11492","49472","","","","Anzahl aller ausländischen Einwohner","Anzahl der gesamten Hauptwohnsitzbevölkerung","","",""
"Ausländer_innenanteil","gesamt","2005","08 Schwanthalerhöhe","37.8","9644","25507","","","","Anzahl aller ausländischen Einwohner","Anzahl der gesamten Hauptwohnsitzbevölkerung","","",""
"Ausländer_innenanteil","gesamt","2005","09 Neuhausen - Nymphenburg","21.8","17890","82156","","","","Anzahl aller ausländischen Einwohner","Anzahl der gesamten Hauptwohnsitzbevölkerung","","",""
"Ausländer_innenanteil","gesamt","2005","10 Moosach","24.9","11758","47198","","","","Anzahl aller ausländischen Einwohner","Anzahl der gesamten Hauptwohnsitzbevölkerung","","",""
"Ausländer_innenanteil","gesamt","2005","11 Milbertshofen - Am Hart","35.4","22896","64612","","","","Anzahl aller ausländischen Einwohner","Anzahl der gesamten Hauptwohnsitzbevölkerung","","",""
"Ausländer_innenanteil","gesamt","2005","12 Schwabing - Freimann","23.5","14068","59767","","","","Anzahl aller ausländischen Einwohner","Anzahl der gesamten Hauptwohnsitzbevölkerung","","",""
"Ausländer_innenanteil","gesamt","2005","13 Bogenhausen","17.7","13042","73860","","","","Anzahl aller ausländischen Einwohner","Anzahl der gesamten Hauptwohnsitzbevölkerung","","",""
"Ausländer_innenanteil","gesamt","2005","14 Berg am Laim","26","9967","38327","","","","Anzahl aller ausländischen Einwohner","Anzahl der gesamten Hauptwohnsitzbevölkerung","","",""
"Ausländer_innenanteil","gesamt","2005","15 Trudering - Riem","15.8","8032","50990","","","","Anzahl aller ausländischen Einwohner","Anzahl der gesamten Hauptwohnsitzbevölkerung","","",""
"Ausländer_innenanteil","gesamt","2005","16 Ramersdorf - Perlach","26.9","27367","101820","","","","Anzahl aller ausländischen Einwohner","Anzahl der gesamten Hauptwohnsitzbevölkerung","","",""
"Ausländer_innenanteil","gesamt","2005","17 Obergiesing - Fasangarten","27.3","12339","45132","","","","Anzahl aller ausländischen Einwohner","Anzahl der gesamten Hauptwohnsitzbevölkerung","","",""
"Ausländer_innenanteil","gesamt","2005","18 Untergiesing - Harlaching","19.6","9196","46857","","","","Anzahl aller ausländischen Einwohner","Anzahl der gesamten Hauptwohnsitzbevölkerung","","",""
"Ausländer_innenanteil","gesamt","2005","19 Thalkirchen - Obersendling - Forstenried - Fürstenried - Solln","18.9","14983","79148","","","","Anzahl aller ausländischen Einwohner","Anzahl der gesamten Hauptwohnsitzbevölkerung","","",""
"Ausländer_innenanteil","gesamt","2005","20 Hadern","20.5","9024","43981","","","","Anzahl aller ausländischen Einwohner","Anzahl der gesamten Hauptwohnsitzbevölkerung","","",""
"Ausländer_innenanteil","gesamt","2005","21 Pasing - Obermenzing","17.3","10822","62724","","","","Anzahl aller ausländischen Einwohner","Anzahl der gesamten Hauptwohnsitzbevölkerung","","",""
"Ausländer_innenanteil","gesamt","2005","22 Aubing - Lochhausen - Langwied","18.7","7015","37560","","","","Anzahl aller ausländischen Einwohner","Anzahl der gesamten Hauptwohnsitzbevölkerung","","",""
"Ausländer_innenanteil","gesamt","2005","23 Allach - Untermenzing","16.9","4671","27586","","","","Anzahl aller ausländischen Einwohner","Anzahl der gesamten Hauptwohnsitzbevölkerung","","",""
"Ausländer_innenanteil","gesamt","2005","24 Feldmoching - Hasenbergl","25.9","13832","53389","","","","Anzahl aller ausländischen Einwohner","Anzahl der gesamten Hauptwohnsitzbevölkerung","","",""
"Ausländer_innenanteil","gesamt","2005","25 Laim","21.6","10560","48927","","","","Anzahl aller ausländischen Einwohner","Anzahl der gesamten Hauptwohnsitzbevölkerung","","",""
"Ausländer_innenanteil","gesamt","2004","Stadt München","23","293386","1273186","","","","Anzahl aller ausländischen Einwohner","Anzahl der gesamten Hauptwohnsitzbevölkerung","","",""
"Ausländer_innenanteil","gesamt","2004","01 Altstadt - Lehel","22.6","4108","18210","","","","Anzahl aller ausländischen Einwohner","Anzahl der gesamten Hauptwohnsitzbevölkerung","","",""
"Ausländer_innenanteil","gesamt","2004","02 Ludwigsvorstadt - Isarvorstadt","29.4","12793","43469","","","","Anzahl aller ausländischen Einwohner","Anzahl der gesamten Hauptwohnsitzbevölkerung","","",""
"Ausländer_innenanteil","gesamt","2004","03 Maxvorstadt","24.7","10285","41581","","","","Anzahl aller ausländischen Einwohner","Anzahl der gesamten Hauptwohnsitzbevölkerung","","",""
"Ausländer_innenanteil","gesamt","2004","04 Schwabing - West","21.7","12012","55231","","","","Anzahl aller ausländischen Einwohner","Anzahl der gesamten Hauptwohnsitzbevölkerung","","",""
"Ausländer_innenanteil","gesamt","2004","05 Au - Haidhausen","24","12307","51383","","","","Anzahl aller ausländischen Einwohner","Anzahl der gesamten Hauptwohnsitzbevölkerung","","",""
"Ausländer_innenanteil","gesamt","2004","06 Sendling","25.9","9261","35691","","","","Anzahl aller ausländischen Einwohner","Anzahl der gesamten Hauptwohnsitzbevölkerung","","",""
"Ausländer_innenanteil","gesamt","2004","07 Sendling - Westpark","22.9","11127","48669","","","","Anzahl aller ausländischen Einwohner","Anzahl der gesamten Hauptwohnsitzbevölkerung","","",""
"Ausländer_innenanteil","gesamt","2004","08 Schwanthalerhöhe","38.4","9751","25369","","","","Anzahl aller ausländischen Einwohner","Anzahl der gesamten Hauptwohnsitzbevölkerung","","",""
"Ausländer_innenanteil","gesamt","2004","09 Neuhausen - Nymphenburg","22","18041","81921","","","","Anzahl aller ausländischen Einwohner","Anzahl der gesamten Hauptwohnsitzbevölkerung","","",""
"Ausländer_innenanteil","gesamt","2004","10 Moosach","24.4","11442","46856","","","","Anzahl aller ausländischen Einwohner","Anzahl der gesamten Hauptwohnsitzbevölkerung","","",""
"Ausländer_innenanteil","gesamt","2004","11 Milbertshofen - Am Hart","34.5","21773","63076","","","","Anzahl aller ausländischen Einwohner","Anzahl der gesamten Hauptwohnsitzbevölkerung","","",""
"Ausländer_innenanteil","gesamt","2004","12 Schwabing - Freimann","23.5","13996","59602","","","","Anzahl aller ausländischen Einwohner","Anzahl der gesamten Hauptwohnsitzbevölkerung","","",""
"Ausländer_innenanteil","gesamt","2004","13 Bogenhausen","17.1","12513","72982","","","","Anzahl aller ausländischen Einwohner","Anzahl der gesamten Hauptwohnsitzbevölkerung","","",""
"Ausländer_innenanteil","gesamt","2004","14 Berg am Laim","25.5","9725","38127","","","","Anzahl aller ausländischen Einwohner","Anzahl der gesamten Hauptwohnsitzbevölkerung","","",""
"Ausländer_innenanteil","gesamt","2004","15 Trudering - Riem","15.4","7546","48914","","","","Anzahl aller ausländischen Einwohner","Anzahl der gesamten Hauptwohnsitzbevölkerung","","",""
"Ausländer_innenanteil","gesamt","2004","16 Ramersdorf - Perlach","26.4","26613","100844","","","","Anzahl aller ausländischen Einwohner","Anzahl der gesamten Hauptwohnsitzbevölkerung","","",""
"Ausländer_innenanteil","gesamt","2004","17 Obergiesing - Fasangarten","27.4","12197","44473","","","","Anzahl aller ausländischen Einwohner","Anzahl der gesamten Hauptwohnsitzbevölkerung","","",""
"Ausländer_innenanteil","gesamt","2004","18 Untergiesing - Harlaching","19.3","8979","46462","","","","Anzahl aller ausländischen Einwohner","Anzahl der gesamten Hauptwohnsitzbevölkerung","","",""
"Ausländer_innenanteil","gesamt","2004","19 Thalkirchen - Obersendling - Forstenried - Fürstenried - Solln","18.4","14380","78057","","","","Anzahl aller ausländischen Einwohner","Anzahl der gesamten Hauptwohnsitzbevölkerung","","",""
"Ausländer_innenanteil","gesamt","2004","20 Hadern","20","8683","43396","","","","Anzahl aller ausländischen Einwohner","Anzahl der gesamten Hauptwohnsitzbevölkerung","","",""
"Ausländer_innenanteil","gesamt","2004","21 Pasing - Obermenzing","17.1","10639","62081","","","","Anzahl aller ausländischen Einwohner","Anzahl der gesamten Hauptwohnsitzbevölkerung","","",""
"Ausländer_innenanteil","gesamt","2004","22 Aubing - Lochhausen - Langwied","18.2","6835","37595","","","","Anzahl aller ausländischen Einwohner","Anzahl der gesamten Hauptwohnsitzbevölkerung","","",""
"Ausländer_innenanteil","gesamt","2004","23 Allach - Untermenzing","17","4666","27374","","","","Anzahl aller ausländischen Einwohner","Anzahl der gesamten Hauptwohnsitzbevölkerung","","",""
"Ausländer_innenanteil","gesamt","2004","24 Feldmoching - Hasenbergl","25.3","13420","52958","","","","Anzahl aller ausländischen Einwohner","Anzahl der gesamten Hauptwohnsitzbevölkerung","","",""
"Ausländer_innenanteil","gesamt","2004","25 Laim","21.1","10294","48841","","","","Anzahl aller ausländischen Einwohner","Anzahl der gesamten Hauptwohnsitzbevölkerung","","",""
"Ausländer_innenanteil","gesamt","2003","Stadt München","23","292229","1267813","","","","Anzahl aller ausländischen Einwohner","Anzahl der gesamten Hauptwohnsitzbevölkerung","","",""
"Ausländer_innenanteil","gesamt","2003","01 Altstadt - Lehel","23","4178","18159","","","","Anzahl aller ausländischen Einwohner","Anzahl der gesamten Hauptwohnsitzbevölkerung","","",""
"Ausländer_innenanteil","gesamt","2003","02 Ludwigsvorstadt - Isarvorstadt","30.5","13293","43637","","","","Anzahl aller ausländischen Einwohner","Anzahl der gesamten Hauptwohnsitzbevölkerung","","",""
"Ausländer_innenanteil","gesamt","2003","03 Maxvorstadt","24.8","10309","41502","","","","Anzahl aller ausländischen Einwohner","Anzahl der gesamten Hauptwohnsitzbevölkerung","","",""
"Ausländer_innenanteil","gesamt","2003","04 Schwabing - West","22","11960","54351","","","","Anzahl aller ausländischen Einwohner","Anzahl der gesamten Hauptwohnsitzbevölkerung","","",""
"Ausländer_innenanteil","gesamt","2003","05 Au - Haidhausen","24.7","12759","51636","","","","Anzahl aller ausländischen Einwohner","Anzahl der gesamten Hauptwohnsitzbevölkerung","","",""
"Ausländer_innenanteil","gesamt","2003","06 Sendling","25.7","9025","35113","","","","Anzahl aller ausländischen Einwohner","Anzahl der gesamten Hauptwohnsitzbevölkerung","","",""
"Ausländer_innenanteil","gesamt","2003","07 Sendling - Westpark","22.7","11020","48564","","","","Anzahl aller ausländischen Einwohner","Anzahl der gesamten Hauptwohnsitzbevölkerung","","",""
"Ausländer_innenanteil","gesamt","2003","08 Schwanthalerhöhe","40.2","10176","25328","","","","Anzahl aller ausländischen Einwohner","Anzahl der gesamten Hauptwohnsitzbevölkerung","","",""
"Ausländer_innenanteil","gesamt","2003","09 Neuhausen - Nymphenburg","21.7","17703","81661","","","","Anzahl aller ausländischen Einwohner","Anzahl der gesamten Hauptwohnsitzbevölkerung","","",""
"Ausländer_innenanteil","gesamt","2003","10 Moosach","23.9","11104","46546","","","","Anzahl aller ausländischen Einwohner","Anzahl der gesamten Hauptwohnsitzbevölkerung","","",""
"Ausländer_innenanteil","gesamt","2003","11 Milbertshofen - Am Hart","34.2","21154","61886","","","","Anzahl aller ausländischen Einwohner","Anzahl der gesamten Hauptwohnsitzbevölkerung","","",""
"Ausländer_innenanteil","gesamt","2003","12 Schwabing - Freimann","23.7","14241","60215","","","","Anzahl aller ausländischen Einwohner","Anzahl der gesamten Hauptwohnsitzbevölkerung","","",""
"Ausländer_innenanteil","gesamt","2003","13 Bogenhausen","17.3","12654","73070","","","","Anzahl aller ausländischen Einwohner","Anzahl der gesamten Hauptwohnsitzbevölkerung","","",""
"Ausländer_innenanteil","gesamt","2003","14 Berg am Laim","25.3","9516","37607","","","","Anzahl aller ausländischen Einwohner","Anzahl der gesamten Hauptwohnsitzbevölkerung","","",""
"Ausländer_innenanteil","gesamt","2003","15 Trudering - Riem","15.6","7493","47919","","","","Anzahl aller ausländischen Einwohner","Anzahl der gesamten Hauptwohnsitzbevölkerung","","",""
"Ausländer_innenanteil","gesamt","2003","16 Ramersdorf - Perlach","26.1","26330","100724","","","","Anzahl aller ausländischen Einwohner","Anzahl der gesamten Hauptwohnsitzbevölkerung","","",""
"Ausländer_innenanteil","gesamt","2003","17 Obergiesing - Fasangarten","27.9","12478","44761","","","","Anzahl aller ausländischen Einwohner","Anzahl der gesamten Hauptwohnsitzbevölkerung","","",""
"Ausländer_innenanteil","gesamt","2003","18 Untergiesing - Harlaching","19.6","9149","46707","","","","Anzahl aller ausländischen Einwohner","Anzahl der gesamten Hauptwohnsitzbevölkerung","","",""
"Ausländer_innenanteil","gesamt","2003","19 Thalkirchen - Obersendling - Forstenried - Fürstenried - Solln","18.4","14325","77850","","","","Anzahl aller ausländischen Einwohner","Anzahl der gesamten Hauptwohnsitzbevölkerung","","",""
"Ausländer_innenanteil","gesamt","2003","20 Hadern","19.5","8364","42823","","","","Anzahl aller ausländischen Einwohner","Anzahl der gesamten Hauptwohnsitzbevölkerung","","",""
"Ausländer_innenanteil","gesamt","2003","21 Pasing - Obermenzing","16.9","10394","61509","","","","Anzahl aller ausländischen Einwohner","Anzahl der gesamten Hauptwohnsitzbevölkerung","","",""
"Ausländer_innenanteil","gesamt","2003","22 Aubing - Lochhausen - Langwied","17.9","6739","37566","","","","Anzahl aller ausländischen Einwohner","Anzahl der gesamten Hauptwohnsitzbevölkerung","","",""
"Ausländer_innenanteil","gesamt","2003","23 Allach - Untermenzing","16.5","4450","26977","","","","Anzahl aller ausländischen Einwohner","Anzahl der gesamten Hauptwohnsitzbevölkerung","","",""
"Ausländer_innenanteil","gesamt","2003","24 Feldmoching - Hasenbergl","25.3","13385","52961","","","","Anzahl aller ausländischen Einwohner","Anzahl der gesamten Hauptwohnsitzbevölkerung","","",""
"Ausländer_innenanteil","gesamt","2003","25 Laim","20.6","10026","48708","","","","Anzahl aller ausländischen Einwohner","Anzahl der gesamten Hauptwohnsitzbevölkerung","","",""
"Ausländer_innenanteil","gesamt","2002","Stadt München","22.9","289263","1264309","","","","Anzahl aller ausländischen Einwohner","Anzahl der gesamten Hauptwohnsitzbevölkerung","","",""
"Ausländer_innenanteil","gesamt","2002","01 Altstadt - Lehel","22.4","4079","18193","","","","Anzahl aller ausländischen Einwohner","Anzahl der gesamten Hauptwohnsitzbevölkerung","","",""
"Ausländer_innenanteil","gesamt","2002","02 Ludwigsvorstadt - Isarvorstadt","31.1","13684","44059","","","","Anzahl aller ausländischen Einwohner","Anzahl der gesamten Hauptwohnsitzbevölkerung","","",""
"Ausländer_innenanteil","gesamt","2002","03 Maxvorstadt","24.7","10277","41606","","","","Anzahl aller ausländischen Einwohner","Anzahl der gesamten Hauptwohnsitzbevölkerung","","",""
"Ausländer_innenanteil","gesamt","2002","04 Schwabing - West","21.5","11674","54272","","","","Anzahl aller ausländischen Einwohner","Anzahl der gesamten Hauptwohnsitzbevölkerung","","",""
"Ausländer_innenanteil","gesamt","2002","05 Au - Haidhausen","25","13007","52000","","","","Anzahl aller ausländischen Einwohner","Anzahl der gesamten Hauptwohnsitzbevölkerung","","",""
"Ausländer_innenanteil","gesamt","2002","06 Sendling","25.6","8996","35102","","","","Anzahl aller ausländischen Einwohner","Anzahl der gesamten Hauptwohnsitzbevölkerung","","",""
"Ausländer_innenanteil","gesamt","2002","07 Sendling - Westpark","22.3","10781","48448","","","","Anzahl aller ausländischen Einwohner","Anzahl der gesamten Hauptwohnsitzbevölkerung","","",""
"Ausländer_innenanteil","gesamt","2002","08 Schwanthalerhöhe","40.2","10089","25078","","","","Anzahl aller ausländischen Einwohner","Anzahl der gesamten Hauptwohnsitzbevölkerung","","",""
"Ausländer_innenanteil","gesamt","2002","09 Neuhausen - Nymphenburg","21.7","17795","81947","","","","Anzahl aller ausländischen Einwohner","Anzahl der gesamten Hauptwohnsitzbevölkerung","","",""
"Ausländer_innenanteil","gesamt","2002","10 Moosach","23.9","11054","46333","","","","Anzahl aller ausländischen Einwohner","Anzahl der gesamten Hauptwohnsitzbevölkerung","","",""
"Ausländer_innenanteil","gesamt","2002","11 Milbertshofen - Am Hart","33.7","20800","61655","","","","Anzahl aller ausländischen Einwohner","Anzahl der gesamten Hauptwohnsitzbevölkerung","","",""
"Ausländer_innenanteil","gesamt","2002","12 Schwabing - Freimann","23","13840","60060","","","","Anzahl aller ausländischen Einwohner","Anzahl der gesamten Hauptwohnsitzbevölkerung","","",""
"Ausländer_innenanteil","gesamt","2002","13 Bogenhausen","16.8","12178","72429","","","","Anzahl aller ausländischen Einwohner","Anzahl der gesamten Hauptwohnsitzbevölkerung","","",""
"Ausländer_innenanteil","gesamt","2002","14 Berg am Laim","25.5","9632","37769","","","","Anzahl aller ausländischen Einwohner","Anzahl der gesamten Hauptwohnsitzbevölkerung","","",""
"Ausländer_innenanteil","gesamt","2002","15 Trudering - Riem","15.8","7456","47186","","","","Anzahl aller ausländischen Einwohner","Anzahl der gesamten Hauptwohnsitzbevölkerung","","",""
"Ausländer_innenanteil","gesamt","2002","16 Ramersdorf - Perlach","25.9","25939","100129","","","","Anzahl aller ausländischen Einwohner","Anzahl der gesamten Hauptwohnsitzbevölkerung","","",""
"Ausländer_innenanteil","gesamt","2002","17 Obergiesing - Fasangarten","27.6","12332","44616","","","","Anzahl aller ausländischen Einwohner","Anzahl der gesamten Hauptwohnsitzbevölkerung","","",""
"Ausländer_innenanteil","gesamt","2002","18 Untergiesing - Harlaching","19.2","8949","46495","","","","Anzahl aller ausländischen Einwohner","Anzahl der gesamten Hauptwohnsitzbevölkerung","","",""
"Ausländer_innenanteil","gesamt","2002","19 Thalkirchen - Obersendling - Forstenried - Fürstenried - Solln","18.3","14208","77659","","","","Anzahl aller ausländischen Einwohner","Anzahl der gesamten Hauptwohnsitzbevölkerung","","",""
"Ausländer_innenanteil","gesamt","2002","20 Hadern","18.9","8051","42563","","","","Anzahl aller ausländischen Einwohner","Anzahl der gesamten Hauptwohnsitzbevölkerung","","",""
"Ausländer_innenanteil","gesamt","2002","21 Pasing - Obermenzing","16.6","10050","60616","","","","Anzahl aller ausländischen Einwohner","Anzahl der gesamten Hauptwohnsitzbevölkerung","","",""
"Ausländer_innenanteil","gesamt","2002","22 Aubing - Lochhausen - Langwied","17.7","6650","37532","","","","Anzahl aller ausländischen Einwohner","Anzahl der gesamten Hauptwohnsitzbevölkerung","","",""
"Ausländer_innenanteil","gesamt","2002","23 Allach - Untermenzing","17.1","4611","26903","","","","Anzahl aller ausländischen Einwohner","Anzahl der gesamten Hauptwohnsitzbevölkerung","","",""
"Ausländer_innenanteil","gesamt","2002","24 Feldmoching - Hasenbergl","25.2","13338","53010","","","","Anzahl aller ausländischen Einwohner","Anzahl der gesamten Hauptwohnsitzbevölkerung","","",""
"Ausländer_innenanteil","gesamt","2002","25 Laim","20.1","9784","48606","","","","Anzahl aller ausländischen Einwohner","Anzahl der gesamten Hauptwohnsitzbevölkerung","","",""
"Ausländer_innenanteil","gesamt","2001","Stadt München","22.8","287107","1260597","","","","Anzahl aller ausländischen Einwohner","Anzahl der gesamten Hauptwohnsitzbevölkerung","","",""
"Ausländer_innenanteil","gesamt","2001","01 Altstadt - Lehel","22.9","4227","18462","","","","Anzahl aller ausländischen Einwohner","Anzahl der gesamten Hauptwohnsitzbevölkerung","","",""
"Ausländer_innenanteil","gesamt","2001","02 Ludwigsvorstadt - Isarvorstadt","31.5","14025","44484","","","","Anzahl aller ausländischen Einwohner","Anzahl der gesamten Hauptwohnsitzbevölkerung","","",""
"Ausländer_innenanteil","gesamt","2001","03 Maxvorstadt","25","10533","42159","","","","Anzahl aller ausländischen Einwohner","Anzahl der gesamten Hauptwohnsitzbevölkerung","","",""
"Ausländer_innenanteil","gesamt","2001","04 Schwabing - West","21.7","11868","54580","","","","Anzahl aller ausländischen Einwohner","Anzahl der gesamten Hauptwohnsitzbevölkerung","","",""
"Ausländer_innenanteil","gesamt","2001","05 Au - Haidhausen","24.9","12954","51947","","","","Anzahl aller ausländischen Einwohner","Anzahl der gesamten Hauptwohnsitzbevölkerung","","",""
"Ausländer_innenanteil","gesamt","2001","06 Sendling","25.7","8965","34820","","","","Anzahl aller ausländischen Einwohner","Anzahl der gesamten Hauptwohnsitzbevölkerung","","",""
"Ausländer_innenanteil","gesamt","2001","07 Sendling - Westpark","22.3","10846","48608","","","","Anzahl aller ausländischen Einwohner","Anzahl der gesamten Hauptwohnsitzbevölkerung","","",""
"Ausländer_innenanteil","gesamt","2001","08 Schwanthalerhöhe","40.3","10028","24905","","","","Anzahl aller ausländischen Einwohner","Anzahl der gesamten Hauptwohnsitzbevölkerung","","",""
"Ausländer_innenanteil","gesamt","2001","09 Neuhausen - Nymphenburg","21.9","17972","82235","","","","Anzahl aller ausländischen Einwohner","Anzahl der gesamten Hauptwohnsitzbevölkerung","","",""
"Ausländer_innenanteil","gesamt","2001","10 Moosach","23.8","11011","46174","","","","Anzahl aller ausländischen Einwohner","Anzahl der gesamten Hauptwohnsitzbevölkerung","","",""
"Ausländer_innenanteil","gesamt","2001","11 Milbertshofen - Am Hart","33.4","20372","61034","","","","Anzahl aller ausländischen Einwohner","Anzahl der gesamten Hauptwohnsitzbevölkerung","","",""
"Ausländer_innenanteil","gesamt","2001","12 Schwabing - Freimann","22.8","13537","59392","","","","Anzahl aller ausländischen Einwohner","Anzahl der gesamten Hauptwohnsitzbevölkerung","","",""
"Ausländer_innenanteil","gesamt","2001","13 Bogenhausen","16.6","11921","71716","","","","Anzahl aller ausländischen Einwohner","Anzahl der gesamten Hauptwohnsitzbevölkerung","","",""
"Ausländer_innenanteil","gesamt","2001","14 Berg am Laim","25.2","9479","37544","","","","Anzahl aller ausländischen Einwohner","Anzahl der gesamten Hauptwohnsitzbevölkerung","","",""
"Ausländer_innenanteil","gesamt","2001","15 Trudering - Riem","14.7","6687","45403","","","","Anzahl aller ausländischen Einwohner","Anzahl der gesamten Hauptwohnsitzbevölkerung","","",""
"Ausländer_innenanteil","gesamt","2001","16 Ramersdorf - Perlach","25.8","25868","100387","","","","Anzahl aller ausländischen Einwohner","Anzahl der gesamten Hauptwohnsitzbevölkerung","","",""
"Ausländer_innenanteil","gesamt","2001","17 Obergiesing - Fasangarten","27.1","11981","44143","","","","Anzahl aller ausländischen Einwohner","Anzahl der gesamten Hauptwohnsitzbevölkerung","","",""
"Ausländer_innenanteil","gesamt","2001","18 Untergiesing - Harlaching","19.1","8892","46580","","","","Anzahl aller ausländischen Einwohner","Anzahl der gesamten Hauptwohnsitzbevölkerung","","",""
"Ausländer_innenanteil","gesamt","2001","19 Thalkirchen - Obersendling - Forstenried - Fürstenried - Solln","18","13945","77518","","","","Anzahl aller ausländischen Einwohner","Anzahl der gesamten Hauptwohnsitzbevölkerung","","",""
"Ausländer_innenanteil","gesamt","2001","20 Hadern","18.2","7614","41858","","","","Anzahl aller ausländischen Einwohner","Anzahl der gesamten Hauptwohnsitzbevölkerung","","",""
"Ausländer_innenanteil","gesamt","2001","21 Pasing - Obermenzing","16.5","10002","60445","","","","Anzahl aller ausländischen Einwohner","Anzahl der gesamten Hauptwohnsitzbevölkerung","","",""
"Ausländer_innenanteil","gesamt","2001","22 Aubing - Lochhausen - Langwied","17.7","6659","37693","","","","Anzahl aller ausländischen Einwohner","Anzahl der gesamten Hauptwohnsitzbevölkerung","","",""
"Ausländer_innenanteil","gesamt","2001","23 Allach - Untermenzing","17.3","4647","26794","","","","Anzahl aller ausländischen Einwohner","Anzahl der gesamten Hauptwohnsitzbevölkerung","","",""
"Ausländer_innenanteil","gesamt","2001","24 Feldmoching - Hasenbergl","25","13240","52896","","","","Anzahl aller ausländischen Einwohner","Anzahl der gesamten Hauptwohnsitzbevölkerung","","",""
"Ausländer_innenanteil","gesamt","2001","25 Laim","20.1","9787","48739","","","","Anzahl aller ausländischen Einwohner","Anzahl der gesamten Hauptwohnsitzbevölkerung","","",""
"Ausländer_innenanteil","gesamt","2000","Stadt München","22.6","282148","1247934","","","","Anzahl aller ausländischen Einwohner","Anzahl der gesamten Hauptwohnsitzbevölkerung","","",""
"Ausländer_innenanteil","gesamt","2000","01 Altstadt - Lehel","23","4219","18374","","","","Anzahl aller ausländischen Einwohner","Anzahl der gesamten Hauptwohnsitzbevölkerung","","",""
"Ausländer_innenanteil","gesamt","2000","02 Ludwigsvorstadt - Isarvorstadt","32.2","14301","44451","","","","Anzahl aller ausländischen Einwohner","Anzahl der gesamten Hauptwohnsitzbevölkerung","","",""
"Ausländer_innenanteil","gesamt","2000","03 Maxvorstadt","24.9","10392","41726","","","","Anzahl aller ausländischen Einwohner","Anzahl der gesamten Hauptwohnsitzbevölkerung","","",""
"Ausländer_innenanteil","gesamt","2000","04 Schwabing - West","20.7","11144","53789","","","","Anzahl aller ausländischen Einwohner","Anzahl der gesamten Hauptwohnsitzbevölkerung","","",""
"Ausländer_innenanteil","gesamt","2000","05 Au - Haidhausen","25.5","13257","52028","","","","Anzahl aller ausländischen Einwohner","Anzahl der gesamten Hauptwohnsitzbevölkerung","","",""
"Ausländer_innenanteil","gesamt","2000","06 Sendling","25.8","8902","34462","","","","Anzahl aller ausländischen Einwohner","Anzahl der gesamten Hauptwohnsitzbevölkerung","","",""
"Ausländer_innenanteil","gesamt","2000","07 Sendling - Westpark","22.2","10724","48388","","","","Anzahl aller ausländischen Einwohner","Anzahl der gesamten Hauptwohnsitzbevölkerung","","",""
"Ausländer_innenanteil","gesamt","2000","08 Schwanthalerhöhe","40.9","10168","24883","","","","Anzahl aller ausländischen Einwohner","Anzahl der gesamten Hauptwohnsitzbevölkerung","","",""
"Ausländer_innenanteil","gesamt","2000","09 Neuhausen - Nymphenburg","21.9","17923","81968","","","","Anzahl aller ausländischen Einwohner","Anzahl der gesamten Hauptwohnsitzbevölkerung","","",""
"Ausländer_innenanteil","gesamt","2000","10 Moosach","23.6","10741","45507","","","","Anzahl aller ausländischen Einwohner","Anzahl der gesamten Hauptwohnsitzbevölkerung","","",""
"Ausländer_innenanteil","gesamt","2000","11 Milbertshofen - Am Hart","33.3","20054","60225","","","","Anzahl aller ausländischen Einwohner","Anzahl der gesamten Hauptwohnsitzbevölkerung","","",""
"Ausländer_innenanteil","gesamt","2000","12 Schwabing - Freimann","22","12681","57653","","","","Anzahl aller ausländischen Einwohner","Anzahl der gesamten Hauptwohnsitzbevölkerung","","",""
"Ausländer_innenanteil","gesamt","2000","13 Bogenhausen","16.4","11610","70984","","","","Anzahl aller ausländischen Einwohner","Anzahl der gesamten Hauptwohnsitzbevölkerung","","",""
"Ausländer_innenanteil","gesamt","2000","14 Berg am Laim","24.8","9194","37017","","","","Anzahl aller ausländischen Einwohner","Anzahl der gesamten Hauptwohnsitzbevölkerung","","",""
"Ausländer_innenanteil","gesamt","2000","15 Trudering - Riem","13.6","5835","43003","","","","Anzahl aller ausländischen Einwohner","Anzahl der gesamten Hauptwohnsitzbevölkerung","","",""
"Ausländer_innenanteil","gesamt","2000","16 Ramersdorf - Perlach","25.6","25600","99995","","","","Anzahl aller ausländischen Einwohner","Anzahl der gesamten Hauptwohnsitzbevölkerung","","",""
"Ausländer_innenanteil","gesamt","2000","17 Obergiesing - Fasangarten","27.4","12035","43974","","","","Anzahl aller ausländischen Einwohner","Anzahl der gesamten Hauptwohnsitzbevölkerung","","",""
"Ausländer_innenanteil","gesamt","2000","18 Untergiesing - Harlaching","18.9","8717","46153","","","","Anzahl aller ausländischen Einwohner","Anzahl der gesamten Hauptwohnsitzbevölkerung","","",""
"Ausländer_innenanteil","gesamt","2000","19 Thalkirchen - Obersendling - Forstenried - Fürstenried - Solln","17.5","13454","76762","","","","Anzahl aller ausländischen Einwohner","Anzahl der gesamten Hauptwohnsitzbevölkerung","","",""
"Ausländer_innenanteil","gesamt","2000","20 Hadern","18.1","7526","41689","","","","Anzahl aller ausländischen Einwohner","Anzahl der gesamten Hauptwohnsitzbevölkerung","","",""
"Ausländer_innenanteil","gesamt","2000","21 Pasing - Obermenzing","16.3","9729","59758","","","","Anzahl aller ausländischen Einwohner","Anzahl der gesamten Hauptwohnsitzbevölkerung","","",""
"Ausländer_innenanteil","gesamt","2000","22 Aubing - Lochhausen - Langwied","17.6","6576","37423","","","","Anzahl aller ausländischen Einwohner","Anzahl der gesamten Hauptwohnsitzbevölkerung","","",""
"Ausländer_innenanteil","gesamt","2000","23 Allach - Untermenzing","17.4","4652","26682","","","","Anzahl aller ausländischen Einwohner","Anzahl der gesamten Hauptwohnsitzbevölkerung","","",""
"Ausländer_innenanteil","gesamt","2000","24 Feldmoching - Hasenbergl","25","13079","52413","","","","Anzahl aller ausländischen Einwohner","Anzahl der gesamten Hauptwohnsitzbevölkerung","","",""
"Ausländer_innenanteil","gesamt","2000","25 Laim","19.7","9577","48534","","","","Anzahl aller ausländischen Einwohner","Anzahl der gesamten Hauptwohnsitzbevölkerung","","",""
