"Indikator","Ausprägung","Jahr","Räumliche Gliederung","Indikatorwert","Basiswert 1","Basiswert 2","Name Basiswert 1","Name Basiswert 2"
"Familiensprache-nicht deutsch","Wert","2016","Stadt München","46.4","19383","41805","Grundschüler/innen mit nicht deutscher Familiensprache","alle Grundschüler und Grundschülerinnen"
"Familiensprache-nicht deutsch","Wert","2016","01 Altstadt - Lehel","26.4","114","432","Grundschüler/innen mit nicht deutscher Familiensprache","alle Grundschüler und Grundschülerinnen"
"Familiensprache-nicht deutsch","Wert","2016","02 Ludwigsvorstadt - Isarvorstadt","32.6","411","1262","Grundschüler/innen mit nicht deutscher Familiensprache","alle Grundschüler und Grundschülerinnen"
"Familiensprache-nicht deutsch","Wert","2016","03 Maxvorstadt","34.6","423","1224","Grundschüler/innen mit nicht deutscher Familiensprache","alle Grundschüler und Grundschülerinnen"
"Familiensprache-nicht deutsch","Wert","2016","04 Schwabing - West","35.9","218","607","Grundschüler/innen mit nicht deutscher Familiensprache","alle Grundschüler und Grundschülerinnen"
"Familiensprache-nicht deutsch","Wert","2016","05 Au - Haidhausen","35.4","617","1741","Grundschüler/innen mit nicht deutscher Familiensprache","alle Grundschüler und Grundschülerinnen"
"Familiensprache-nicht deutsch","Wert","2016","06 Sendling","47.8","548","1146","Grundschüler/innen mit nicht deutscher Familiensprache","alle Grundschüler und Grundschülerinnen"
"Familiensprache-nicht deutsch","Wert","2016","07 Sendling - Westpark","50.4","523","1037","Grundschüler/innen mit nicht deutscher Familiensprache","alle Grundschüler und Grundschülerinnen"
"Familiensprache-nicht deutsch","Wert","2016","08 Schwanthalerhöhe","55.9","365","653","Grundschüler/innen mit nicht deutscher Familiensprache","alle Grundschüler und Grundschülerinnen"
"Familiensprache-nicht deutsch","Wert","2016","09 Neuhausen - Nymphenburg","36.4","1055","2897","Grundschüler/innen mit nicht deutscher Familiensprache","alle Grundschüler und Grundschülerinnen"
"Familiensprache-nicht deutsch","Wert","2016","10 Moosach","55","852","1549","Grundschüler/innen mit nicht deutscher Familiensprache","alle Grundschüler und Grundschülerinnen"
"Familiensprache-nicht deutsch","Wert","2016","11 Milbertshofen - Am Hart","73.5","1548","2105","Grundschüler/innen mit nicht deutscher Familiensprache","alle Grundschüler und Grundschülerinnen"
"Familiensprache-nicht deutsch","Wert","2016","12 Schwabing - Freimann","46.6","1065","2285","Grundschüler/innen mit nicht deutscher Familiensprache","alle Grundschüler und Grundschülerinnen"
"Familiensprache-nicht deutsch","Wert","2016","13 Bogenhausen","32.8","739","2250","Grundschüler/innen mit nicht deutscher Familiensprache","alle Grundschüler und Grundschülerinnen"
"Familiensprache-nicht deutsch","Wert","2016","14 Berg am Laim","78.5","854","1088","Grundschüler/innen mit nicht deutscher Familiensprache","alle Grundschüler und Grundschülerinnen"
"Familiensprache-nicht deutsch","Wert","2016","15 Trudering - Riem","43","1380","3212","Grundschüler/innen mit nicht deutscher Familiensprache","alle Grundschüler und Grundschülerinnen"
"Familiensprache-nicht deutsch","Wert","2016","16 Ramersdorf - Perlach","64.5","2158","3347","Grundschüler/innen mit nicht deutscher Familiensprache","alle Grundschüler und Grundschülerinnen"
"Familiensprache-nicht deutsch","Wert","2016","17 Obergiesing - Fasangarten","55.3","814","1473","Grundschüler/innen mit nicht deutscher Familiensprache","alle Grundschüler und Grundschülerinnen"
"Familiensprache-nicht deutsch","Wert","2016","18 Untergiesing - Harlaching","31.3","380","1213","Grundschüler/innen mit nicht deutscher Familiensprache","alle Grundschüler und Grundschülerinnen"
"Familiensprache-nicht deutsch","Wert","2016","19 Thalkirchen - Obersendling - Forstenried - Fürstenried - Solln","45","1172","2602","Grundschüler/innen mit nicht deutscher Familiensprache","alle Grundschüler und Grundschülerinnen"
"Familiensprache-nicht deutsch","Wert","2016","20 Hadern","54.3","785","1446","Grundschüler/innen mit nicht deutscher Familiensprache","alle Grundschüler und Grundschülerinnen"
"Familiensprache-nicht deutsch","Wert","2016","21 Pasing - Obermenzing","30","607","2022","Grundschüler/innen mit nicht deutscher Familiensprache","alle Grundschüler und Grundschülerinnen"
"Familiensprache-nicht deutsch","Wert","2016","22 Aubing - Lochhausen - Langwied","49.9","800","1604","Grundschüler/innen mit nicht deutscher Familiensprache","alle Grundschüler und Grundschülerinnen"
"Familiensprache-nicht deutsch","Wert","2016","23 Allach - Untermenzing","26.6","327","1228","Grundschüler/innen mit nicht deutscher Familiensprache","alle Grundschüler und Grundschülerinnen"
"Familiensprache-nicht deutsch","Wert","2016","24 Feldmoching - Hasenbergl","52.5","1110","2113","Grundschüler/innen mit nicht deutscher Familiensprache","alle Grundschüler und Grundschülerinnen"
"Familiensprache-nicht deutsch","Wert","2016","25 Laim","40.8","518","1269","Grundschüler/innen mit nicht deutscher Familiensprache","alle Grundschüler und Grundschülerinnen"
"Familiensprache-nicht deutsch","Wert","2015","Stadt München","44.5","18094","40664","Grundschüler/innen mit nicht deutscher Familiensprache","alle Grundschüler und Grundschülerinnen"
"Familiensprache-nicht deutsch","Wert","2015","01 Altstadt - Lehel","25.9","105","406","Grundschüler/innen mit nicht deutscher Familiensprache","alle Grundschüler und Grundschülerinnen"
"Familiensprache-nicht deutsch","Wert","2015","02 Ludwigsvorstadt - Isarvorstadt","31","369","1192","Grundschüler/innen mit nicht deutscher Familiensprache","alle Grundschüler und Grundschülerinnen"
"Familiensprache-nicht deutsch","Wert","2015","03 Maxvorstadt","32.7","369","1127","Grundschüler/innen mit nicht deutscher Familiensprache","alle Grundschüler und Grundschülerinnen"
"Familiensprache-nicht deutsch","Wert","2015","04 Schwabing - West","35.3","208","590","Grundschüler/innen mit nicht deutscher Familiensprache","alle Grundschüler und Grundschülerinnen"
"Familiensprache-nicht deutsch","Wert","2015","05 Au - Haidhausen","32","544","1699","Grundschüler/innen mit nicht deutscher Familiensprache","alle Grundschüler und Grundschülerinnen"
"Familiensprache-nicht deutsch","Wert","2015","06 Sendling","47.2","553","1171","Grundschüler/innen mit nicht deutscher Familiensprache","alle Grundschüler und Grundschülerinnen"
"Familiensprache-nicht deutsch","Wert","2015","07 Sendling - Westpark","49.7","507","1020","Grundschüler/innen mit nicht deutscher Familiensprache","alle Grundschüler und Grundschülerinnen"
"Familiensprache-nicht deutsch","Wert","2015","08 Schwanthalerhöhe","52.7","329","624","Grundschüler/innen mit nicht deutscher Familiensprache","alle Grundschüler und Grundschülerinnen"
"Familiensprache-nicht deutsch","Wert","2015","09 Neuhausen - Nymphenburg","35.1","992","2826","Grundschüler/innen mit nicht deutscher Familiensprache","alle Grundschüler und Grundschülerinnen"
"Familiensprache-nicht deutsch","Wert","2015","10 Moosach","53.5","822","1536","Grundschüler/innen mit nicht deutscher Familiensprache","alle Grundschüler und Grundschülerinnen"
"Familiensprache-nicht deutsch","Wert","2015","11 Milbertshofen - Am Hart","72.9","1534","2105","Grundschüler/innen mit nicht deutscher Familiensprache","alle Grundschüler und Grundschülerinnen"
"Familiensprache-nicht deutsch","Wert","2015","12 Schwabing - Freimann","46.2","964","2088","Grundschüler/innen mit nicht deutscher Familiensprache","alle Grundschüler und Grundschülerinnen"
"Familiensprache-nicht deutsch","Wert","2015","13 Bogenhausen","30.9","708","2288","Grundschüler/innen mit nicht deutscher Familiensprache","alle Grundschüler und Grundschülerinnen"
"Familiensprache-nicht deutsch","Wert","2015","14 Berg am Laim","78.9","794","1007","Grundschüler/innen mit nicht deutscher Familiensprache","alle Grundschüler und Grundschülerinnen"
"Familiensprache-nicht deutsch","Wert","2015","15 Trudering - Riem","40.7","1315","3229","Grundschüler/innen mit nicht deutscher Familiensprache","alle Grundschüler und Grundschülerinnen"
"Familiensprache-nicht deutsch","Wert","2015","16 Ramersdorf - Perlach","63.4","2122","3348","Grundschüler/innen mit nicht deutscher Familiensprache","alle Grundschüler und Grundschülerinnen"
"Familiensprache-nicht deutsch","Wert","2015","17 Obergiesing - Fasangarten","54.9","782","1425","Grundschüler/innen mit nicht deutscher Familiensprache","alle Grundschüler und Grundschülerinnen"
"Familiensprache-nicht deutsch","Wert","2015","18 Untergiesing - Harlaching","29.4","351","1196","Grundschüler/innen mit nicht deutscher Familiensprache","alle Grundschüler und Grundschülerinnen"
"Familiensprache-nicht deutsch","Wert","2015","19 Thalkirchen - Obersendling - Forstenried - Fürstenried - Solln","41.6","1010","2427","Grundschüler/innen mit nicht deutscher Familiensprache","alle Grundschüler und Grundschülerinnen"
"Familiensprache-nicht deutsch","Wert","2015","20 Hadern","52.9","773","1461","Grundschüler/innen mit nicht deutscher Familiensprache","alle Grundschüler und Grundschülerinnen"
"Familiensprache-nicht deutsch","Wert","2015","21 Pasing - Obermenzing","27.5","535","1947","Grundschüler/innen mit nicht deutscher Familiensprache","alle Grundschüler und Grundschülerinnen"
"Familiensprache-nicht deutsch","Wert","2015","22 Aubing - Lochhausen - Langwied","47.1","690","1465","Grundschüler/innen mit nicht deutscher Familiensprache","alle Grundschüler und Grundschülerinnen"
"Familiensprache-nicht deutsch","Wert","2015","23 Allach - Untermenzing","18","216","1199","Grundschüler/innen mit nicht deutscher Familiensprache","alle Grundschüler und Grundschülerinnen"
"Familiensprache-nicht deutsch","Wert","2015","24 Feldmoching - Hasenbergl","52","1066","2051","Grundschüler/innen mit nicht deutscher Familiensprache","alle Grundschüler und Grundschülerinnen"
"Familiensprache-nicht deutsch","Wert","2015","25 Laim","35.3","436","1237","Grundschüler/innen mit nicht deutscher Familiensprache","alle Grundschüler und Grundschülerinnen"
"Familiensprache-nicht deutsch","Wert","2014","Stadt München","42.9","17036","39700","Grundschüler/innen mit nicht deutscher Familiensprache","alle Grundschüler und Grundschülerinnen"
"Familiensprache-nicht deutsch","Wert","2014","01 Altstadt - Lehel","24.3","103","424","Grundschüler/innen mit nicht deutscher Familiensprache","alle Grundschüler und Grundschülerinnen"
"Familiensprache-nicht deutsch","Wert","2014","02 Ludwigsvorstadt - Isarvorstadt","29.9","346","1157","Grundschüler/innen mit nicht deutscher Familiensprache","alle Grundschüler und Grundschülerinnen"
"Familiensprache-nicht deutsch","Wert","2014","03 Maxvorstadt","33.2","361","1088","Grundschüler/innen mit nicht deutscher Familiensprache","alle Grundschüler und Grundschülerinnen"
"Familiensprache-nicht deutsch","Wert","2014","04 Schwabing - West","32","183","572","Grundschüler/innen mit nicht deutscher Familiensprache","alle Grundschüler und Grundschülerinnen"
"Familiensprache-nicht deutsch","Wert","2014","05 Au - Haidhausen","30.5","495","1621","Grundschüler/innen mit nicht deutscher Familiensprache","alle Grundschüler und Grundschülerinnen"
"Familiensprache-nicht deutsch","Wert","2014","06 Sendling","45.9","521","1135","Grundschüler/innen mit nicht deutscher Familiensprache","alle Grundschüler und Grundschülerinnen"
"Familiensprache-nicht deutsch","Wert","2014","07 Sendling - Westpark","47.3","451","953","Grundschüler/innen mit nicht deutscher Familiensprache","alle Grundschüler und Grundschülerinnen"
"Familiensprache-nicht deutsch","Wert","2014","08 Schwanthalerhöhe","53","322","608","Grundschüler/innen mit nicht deutscher Familiensprache","alle Grundschüler und Grundschülerinnen"
"Familiensprache-nicht deutsch","Wert","2014","09 Neuhausen - Nymphenburg","34.3","952","2772","Grundschüler/innen mit nicht deutscher Familiensprache","alle Grundschüler und Grundschülerinnen"
"Familiensprache-nicht deutsch","Wert","2014","10 Moosach","51.6","762","1478","Grundschüler/innen mit nicht deutscher Familiensprache","alle Grundschüler und Grundschülerinnen"
"Familiensprache-nicht deutsch","Wert","2014","11 Milbertshofen - Am Hart","72.9","1561","2140","Grundschüler/innen mit nicht deutscher Familiensprache","alle Grundschüler und Grundschülerinnen"
"Familiensprache-nicht deutsch","Wert","2014","12 Schwabing - Freimann","45.2","909","2013","Grundschüler/innen mit nicht deutscher Familiensprache","alle Grundschüler und Grundschülerinnen"
"Familiensprache-nicht deutsch","Wert","2014","13 Bogenhausen","28","629","2244","Grundschüler/innen mit nicht deutscher Familiensprache","alle Grundschüler und Grundschülerinnen"
"Familiensprache-nicht deutsch","Wert","2014","14 Berg am Laim","76.5","735","961","Grundschüler/innen mit nicht deutscher Familiensprache","alle Grundschüler und Grundschülerinnen"
"Familiensprache-nicht deutsch","Wert","2014","15 Trudering - Riem","38.5","1226","3184","Grundschüler/innen mit nicht deutscher Familiensprache","alle Grundschüler und Grundschülerinnen"
"Familiensprache-nicht deutsch","Wert","2014","16 Ramersdorf - Perlach","62.9","2088","3322","Grundschüler/innen mit nicht deutscher Familiensprache","alle Grundschüler und Grundschülerinnen"
"Familiensprache-nicht deutsch","Wert","2014","17 Obergiesing - Fasangarten","49.5","676","1366","Grundschüler/innen mit nicht deutscher Familiensprache","alle Grundschüler und Grundschülerinnen"
"Familiensprache-nicht deutsch","Wert","2014","18 Untergiesing - Harlaching","26.5","305","1153","Grundschüler/innen mit nicht deutscher Familiensprache","alle Grundschüler und Grundschülerinnen"
"Familiensprache-nicht deutsch","Wert","2014","19 Thalkirchen - Obersendling - Forstenried - Fürstenried - Solln","37.1","878","2369","Grundschüler/innen mit nicht deutscher Familiensprache","alle Grundschüler und Grundschülerinnen"
"Familiensprache-nicht deutsch","Wert","2014","20 Hadern","49.7","712","1434","Grundschüler/innen mit nicht deutscher Familiensprache","alle Grundschüler und Grundschülerinnen"
"Familiensprache-nicht deutsch","Wert","2014","21 Pasing - Obermenzing","27.7","533","1927","Grundschüler/innen mit nicht deutscher Familiensprache","alle Grundschüler und Grundschülerinnen"
"Familiensprache-nicht deutsch","Wert","2014","22 Aubing - Lochhausen - Langwied","49.3","696","1413","Grundschüler/innen mit nicht deutscher Familiensprache","alle Grundschüler und Grundschülerinnen"
"Familiensprache-nicht deutsch","Wert","2014","23 Allach - Untermenzing","18.1","211","1169","Grundschüler/innen mit nicht deutscher Familiensprache","alle Grundschüler und Grundschülerinnen"
"Familiensprache-nicht deutsch","Wert","2014","24 Feldmoching - Hasenbergl","50.8","1004","1975","Grundschüler/innen mit nicht deutscher Familiensprache","alle Grundschüler und Grundschülerinnen"
"Familiensprache-nicht deutsch","Wert","2014","25 Laim","30.9","377","1222","Grundschüler/innen mit nicht deutscher Familiensprache","alle Grundschüler und Grundschülerinnen"
"Familiensprache-nicht deutsch","Wert","2013","Stadt München","40.9","15673","38287","Grundschüler/innen mit nicht deutscher Familiensprache","alle Grundschüler und Grundschülerinnen"
"Familiensprache-nicht deutsch","Wert","2013","01 Altstadt - Lehel","20.8","83","399","Grundschüler/innen mit nicht deutscher Familiensprache","alle Grundschüler und Grundschülerinnen"
"Familiensprache-nicht deutsch","Wert","2013","02 Ludwigsvorstadt - Isarvorstadt","27.7","301","1087","Grundschüler/innen mit nicht deutscher Familiensprache","alle Grundschüler und Grundschülerinnen"
"Familiensprache-nicht deutsch","Wert","2013","03 Maxvorstadt","33","339","1026","Grundschüler/innen mit nicht deutscher Familiensprache","alle Grundschüler und Grundschülerinnen"
"Familiensprache-nicht deutsch","Wert","2013","04 Schwabing - West","31.5","173","549","Grundschüler/innen mit nicht deutscher Familiensprache","alle Grundschüler und Grundschülerinnen"
"Familiensprache-nicht deutsch","Wert","2013","05 Au - Haidhausen","26.3","403","1535","Grundschüler/innen mit nicht deutscher Familiensprache","alle Grundschüler und Grundschülerinnen"
"Familiensprache-nicht deutsch","Wert","2013","06 Sendling","46.1","505","1095","Grundschüler/innen mit nicht deutscher Familiensprache","alle Grundschüler und Grundschülerinnen"
"Familiensprache-nicht deutsch","Wert","2013","07 Sendling - Westpark","45.5","419","920","Grundschüler/innen mit nicht deutscher Familiensprache","alle Grundschüler und Grundschülerinnen"
"Familiensprache-nicht deutsch","Wert","2013","08 Schwanthalerhöhe","57.2","355","621","Grundschüler/innen mit nicht deutscher Familiensprache","alle Grundschüler und Grundschülerinnen"
"Familiensprache-nicht deutsch","Wert","2013","09 Neuhausen - Nymphenburg","33.4","865","2592","Grundschüler/innen mit nicht deutscher Familiensprache","alle Grundschüler und Grundschülerinnen"
"Familiensprache-nicht deutsch","Wert","2013","10 Moosach","48.6","702","1445","Grundschüler/innen mit nicht deutscher Familiensprache","alle Grundschüler und Grundschülerinnen"
"Familiensprache-nicht deutsch","Wert","2013","11 Milbertshofen - Am Hart","73.1","1550","2121","Grundschüler/innen mit nicht deutscher Familiensprache","alle Grundschüler und Grundschülerinnen"
"Familiensprache-nicht deutsch","Wert","2013","12 Schwabing - Freimann","42.3","828","1958","Grundschüler/innen mit nicht deutscher Familiensprache","alle Grundschüler und Grundschülerinnen"
"Familiensprache-nicht deutsch","Wert","2013","13 Bogenhausen","19.7","408","2070","Grundschüler/innen mit nicht deutscher Familiensprache","alle Grundschüler und Grundschülerinnen"
"Familiensprache-nicht deutsch","Wert","2013","14 Berg am Laim","74.5","642","862","Grundschüler/innen mit nicht deutscher Familiensprache","alle Grundschüler und Grundschülerinnen"
"Familiensprache-nicht deutsch","Wert","2013","15 Trudering - Riem","36.2","1129","3117","Grundschüler/innen mit nicht deutscher Familiensprache","alle Grundschüler und Grundschülerinnen"
"Familiensprache-nicht deutsch","Wert","2013","16 Ramersdorf - Perlach","59","1936","3282","Grundschüler/innen mit nicht deutscher Familiensprache","alle Grundschüler und Grundschülerinnen"
"Familiensprache-nicht deutsch","Wert","2013","17 Obergiesing - Fasangarten","46.4","603","1300","Grundschüler/innen mit nicht deutscher Familiensprache","alle Grundschüler und Grundschülerinnen"
"Familiensprache-nicht deutsch","Wert","2013","18 Untergiesing - Harlaching","24.1","265","1098","Grundschüler/innen mit nicht deutscher Familiensprache","alle Grundschüler und Grundschülerinnen"
"Familiensprache-nicht deutsch","Wert","2013","19 Thalkirchen - Obersendling - Forstenried - Fürstenried - Solln","33.2","736","2218","Grundschüler/innen mit nicht deutscher Familiensprache","alle Grundschüler und Grundschülerinnen"
"Familiensprache-nicht deutsch","Wert","2013","20 Hadern","48.1","691","1436","Grundschüler/innen mit nicht deutscher Familiensprache","alle Grundschüler und Grundschülerinnen"
"Familiensprache-nicht deutsch","Wert","2013","21 Pasing - Obermenzing","28.2","532","1885","Grundschüler/innen mit nicht deutscher Familiensprache","alle Grundschüler und Grundschülerinnen"
"Familiensprache-nicht deutsch","Wert","2013","22 Aubing - Lochhausen - Langwied","49.7","700","1409","Grundschüler/innen mit nicht deutscher Familiensprache","alle Grundschüler und Grundschülerinnen"
"Familiensprache-nicht deutsch","Wert","2013","23 Allach - Untermenzing","18.6","208","1118","Grundschüler/innen mit nicht deutscher Familiensprache","alle Grundschüler und Grundschülerinnen"
"Familiensprache-nicht deutsch","Wert","2013","24 Feldmoching - Hasenbergl","50","966","1932","Grundschüler/innen mit nicht deutscher Familiensprache","alle Grundschüler und Grundschülerinnen"
"Familiensprache-nicht deutsch","Wert","2013","25 Laim","27.6","334","1212","Grundschüler/innen mit nicht deutscher Familiensprache","alle Grundschüler und Grundschülerinnen"
"Familiensprache-nicht deutsch","Wert","2012","Stadt München","39","14604","37478","Grundschüler/innen mit nicht deutscher Familiensprache","alle Grundschüler und Grundschülerinnen"
"Familiensprache-nicht deutsch","Wert","2012","01 Altstadt - Lehel","21","85","405","Grundschüler/innen mit nicht deutscher Familiensprache","alle Grundschüler und Grundschülerinnen"
"Familiensprache-nicht deutsch","Wert","2012","02 Ludwigsvorstadt - Isarvorstadt","27.1","282","1041","Grundschüler/innen mit nicht deutscher Familiensprache","alle Grundschüler und Grundschülerinnen"
"Familiensprache-nicht deutsch","Wert","2012","03 Maxvorstadt","31.2","309","992","Grundschüler/innen mit nicht deutscher Familiensprache","alle Grundschüler und Grundschülerinnen"
"Familiensprache-nicht deutsch","Wert","2012","04 Schwabing - West","29.4","150","511","Grundschüler/innen mit nicht deutscher Familiensprache","alle Grundschüler und Grundschülerinnen"
"Familiensprache-nicht deutsch","Wert","2012","05 Au - Haidhausen","23.1","352","1524","Grundschüler/innen mit nicht deutscher Familiensprache","alle Grundschüler und Grundschülerinnen"
"Familiensprache-nicht deutsch","Wert","2012","06 Sendling","44.5","469","1055","Grundschüler/innen mit nicht deutscher Familiensprache","alle Grundschüler und Grundschülerinnen"
"Familiensprache-nicht deutsch","Wert","2012","07 Sendling - Westpark","43.8","399","912","Grundschüler/innen mit nicht deutscher Familiensprache","alle Grundschüler und Grundschülerinnen"
"Familiensprache-nicht deutsch","Wert","2012","08 Schwanthalerhöhe","57.3","333","581","Grundschüler/innen mit nicht deutscher Familiensprache","alle Grundschüler und Grundschülerinnen"
"Familiensprache-nicht deutsch","Wert","2012","09 Neuhausen - Nymphenburg","27.7","674","2433","Grundschüler/innen mit nicht deutscher Familiensprache","alle Grundschüler und Grundschülerinnen"
"Familiensprache-nicht deutsch","Wert","2012","10 Moosach","45.7","643","1408","Grundschüler/innen mit nicht deutscher Familiensprache","alle Grundschüler und Grundschülerinnen"
"Familiensprache-nicht deutsch","Wert","2012","11 Milbertshofen - Am Hart","68.4","1433","2096","Grundschüler/innen mit nicht deutscher Familiensprache","alle Grundschüler und Grundschülerinnen"
"Familiensprache-nicht deutsch","Wert","2012","12 Schwabing - Freimann","40.5","760","1875","Grundschüler/innen mit nicht deutscher Familiensprache","alle Grundschüler und Grundschülerinnen"
"Familiensprache-nicht deutsch","Wert","2012","13 Bogenhausen","17.3","357","2062","Grundschüler/innen mit nicht deutscher Familiensprache","alle Grundschüler und Grundschülerinnen"
"Familiensprache-nicht deutsch","Wert","2012","14 Berg am Laim","71.4","590","826","Grundschüler/innen mit nicht deutscher Familiensprache","alle Grundschüler und Grundschülerinnen"
"Familiensprache-nicht deutsch","Wert","2012","15 Trudering - Riem","35.5","1073","3027","Grundschüler/innen mit nicht deutscher Familiensprache","alle Grundschüler und Grundschülerinnen"
"Familiensprache-nicht deutsch","Wert","2012","16 Ramersdorf - Perlach","56.4","1825","3234","Grundschüler/innen mit nicht deutscher Familiensprache","alle Grundschüler und Grundschülerinnen"
"Familiensprache-nicht deutsch","Wert","2012","17 Obergiesing - Fasangarten","49.2","616","1253","Grundschüler/innen mit nicht deutscher Familiensprache","alle Grundschüler und Grundschülerinnen"
"Familiensprache-nicht deutsch","Wert","2012","18 Untergiesing - Harlaching","20.3","228","1121","Grundschüler/innen mit nicht deutscher Familiensprache","alle Grundschüler und Grundschülerinnen"
"Familiensprache-nicht deutsch","Wert","2012","19 Thalkirchen - Obersendling - Forstenried - Fürstenried - Solln","32.1","695","2164","Grundschüler/innen mit nicht deutscher Familiensprache","alle Grundschüler und Grundschülerinnen"
"Familiensprache-nicht deutsch","Wert","2012","20 Hadern","47.1","678","1440","Grundschüler/innen mit nicht deutscher Familiensprache","alle Grundschüler und Grundschülerinnen"
"Familiensprache-nicht deutsch","Wert","2012","21 Pasing - Obermenzing","27.6","508","1839","Grundschüler/innen mit nicht deutscher Familiensprache","alle Grundschüler und Grundschülerinnen"
"Familiensprache-nicht deutsch","Wert","2012","22 Aubing - Lochhausen - Langwied","47.1","664","1409","Grundschüler/innen mit nicht deutscher Familiensprache","alle Grundschüler und Grundschülerinnen"
"Familiensprache-nicht deutsch","Wert","2012","23 Allach - Untermenzing","19.7","220","1115","Grundschüler/innen mit nicht deutscher Familiensprache","alle Grundschüler und Grundschülerinnen"
"Familiensprache-nicht deutsch","Wert","2012","24 Feldmoching - Hasenbergl","48.5","930","1918","Grundschüler/innen mit nicht deutscher Familiensprache","alle Grundschüler und Grundschülerinnen"
"Familiensprache-nicht deutsch","Wert","2012","25 Laim","26.8","331","1237","Grundschüler/innen mit nicht deutscher Familiensprache","alle Grundschüler und Grundschülerinnen"
"Familiensprache-nicht deutsch","Wert","2011","Stadt München","36.7","13424","36593","Grundschüler/innen mit nicht deutscher Familiensprache","alle Grundschüler und Grundschülerinnen"
"Familiensprache-nicht deutsch","Wert","2011","01 Altstadt - Lehel","19.7","75","381","Grundschüler/innen mit nicht deutscher Familiensprache","alle Grundschüler und Grundschülerinnen"
"Familiensprache-nicht deutsch","Wert","2011","02 Ludwigsvorstadt - Isarvorstadt","30.3","310","1022","Grundschüler/innen mit nicht deutscher Familiensprache","alle Grundschüler und Grundschülerinnen"
"Familiensprache-nicht deutsch","Wert","2011","03 Maxvorstadt","31.1","311","1001","Grundschüler/innen mit nicht deutscher Familiensprache","alle Grundschüler und Grundschülerinnen"
"Familiensprache-nicht deutsch","Wert","2011","04 Schwabing - West","25.1","121","482","Grundschüler/innen mit nicht deutscher Familiensprache","alle Grundschüler und Grundschülerinnen"
"Familiensprache-nicht deutsch","Wert","2011","05 Au - Haidhausen","19","278","1467","Grundschüler/innen mit nicht deutscher Familiensprache","alle Grundschüler und Grundschülerinnen"
"Familiensprache-nicht deutsch","Wert","2011","06 Sendling","43.3","458","1058","Grundschüler/innen mit nicht deutscher Familiensprache","alle Grundschüler und Grundschülerinnen"
"Familiensprache-nicht deutsch","Wert","2011","07 Sendling - Westpark","38.2","340","891","Grundschüler/innen mit nicht deutscher Familiensprache","alle Grundschüler und Grundschülerinnen"
"Familiensprache-nicht deutsch","Wert","2011","08 Schwanthalerhöhe","56","336","600","Grundschüler/innen mit nicht deutscher Familiensprache","alle Grundschüler und Grundschülerinnen"
"Familiensprache-nicht deutsch","Wert","2011","09 Neuhausen - Nymphenburg","25.5","573","2251","Grundschüler/innen mit nicht deutscher Familiensprache","alle Grundschüler und Grundschülerinnen"
"Familiensprache-nicht deutsch","Wert","2011","10 Moosach","43.5","590","1357","Grundschüler/innen mit nicht deutscher Familiensprache","alle Grundschüler und Grundschülerinnen"
"Familiensprache-nicht deutsch","Wert","2011","11 Milbertshofen - Am Hart","65.4","1364","2087","Grundschüler/innen mit nicht deutscher Familiensprache","alle Grundschüler und Grundschülerinnen"
"Familiensprache-nicht deutsch","Wert","2011","12 Schwabing - Freimann","34.9","647","1854","Grundschüler/innen mit nicht deutscher Familiensprache","alle Grundschüler und Grundschülerinnen"
"Familiensprache-nicht deutsch","Wert","2011","13 Bogenhausen","17","353","2075","Grundschüler/innen mit nicht deutscher Familiensprache","alle Grundschüler und Grundschülerinnen"
"Familiensprache-nicht deutsch","Wert","2011","14 Berg am Laim","66.4","544","819","Grundschüler/innen mit nicht deutscher Familiensprache","alle Grundschüler und Grundschülerinnen"
"Familiensprache-nicht deutsch","Wert","2011","15 Trudering - Riem","33.9","982","2897","Grundschüler/innen mit nicht deutscher Familiensprache","alle Grundschüler und Grundschülerinnen"
"Familiensprache-nicht deutsch","Wert","2011","16 Ramersdorf - Perlach","53.3","1689","3168","Grundschüler/innen mit nicht deutscher Familiensprache","alle Grundschüler und Grundschülerinnen"
"Familiensprache-nicht deutsch","Wert","2011","17 Obergiesing - Fasangarten","45.3","562","1242","Grundschüler/innen mit nicht deutscher Familiensprache","alle Grundschüler und Grundschülerinnen"
"Familiensprache-nicht deutsch","Wert","2011","18 Untergiesing - Harlaching","20","217","1086","Grundschüler/innen mit nicht deutscher Familiensprache","alle Grundschüler und Grundschülerinnen"
"Familiensprache-nicht deutsch","Wert","2011","19 Thalkirchen - Obersendling - Forstenried - Fürstenried - Solln","30.6","638","2083","Grundschüler/innen mit nicht deutscher Familiensprache","alle Grundschüler und Grundschülerinnen"
"Familiensprache-nicht deutsch","Wert","2011","20 Hadern","45.4","655","1444","Grundschüler/innen mit nicht deutscher Familiensprache","alle Grundschüler und Grundschülerinnen"
"Familiensprache-nicht deutsch","Wert","2011","21 Pasing - Obermenzing","19.8","353","1785","Grundschüler/innen mit nicht deutscher Familiensprache","alle Grundschüler und Grundschülerinnen"
"Familiensprache-nicht deutsch","Wert","2011","22 Aubing - Lochhausen - Langwied","46.4","647","1396","Grundschüler/innen mit nicht deutscher Familiensprache","alle Grundschüler und Grundschülerinnen"
"Familiensprache-nicht deutsch","Wert","2011","23 Allach - Untermenzing","19.8","217","1094","Grundschüler/innen mit nicht deutscher Familiensprache","alle Grundschüler und Grundschülerinnen"
"Familiensprache-nicht deutsch","Wert","2011","24 Feldmoching - Hasenbergl","46.2","851","1844","Grundschüler/innen mit nicht deutscher Familiensprache","alle Grundschüler und Grundschülerinnen"
"Familiensprache-nicht deutsch","Wert","2011","25 Laim","25.9","313","1209","Grundschüler/innen mit nicht deutscher Familiensprache","alle Grundschüler und Grundschülerinnen"
"Familiensprache-nicht deutsch","Wert","2010","Stadt München","34.8","12518","36009","Grundschüler/innen mit nicht deutscher Familiensprache","alle Grundschüler und Grundschülerinnen"
"Familiensprache-nicht deutsch","Wert","2010","01 Altstadt - Lehel","16.4","55","336","Grundschüler/innen mit nicht deutscher Familiensprache","alle Grundschüler und Grundschülerinnen"
"Familiensprache-nicht deutsch","Wert","2010","02 Ludwigsvorstadt - Isarvorstadt","33.7","330","978","Grundschüler/innen mit nicht deutscher Familiensprache","alle Grundschüler und Grundschülerinnen"
"Familiensprache-nicht deutsch","Wert","2010","03 Maxvorstadt","32.3","322","997","Grundschüler/innen mit nicht deutscher Familiensprache","alle Grundschüler und Grundschülerinnen"
"Familiensprache-nicht deutsch","Wert","2010","04 Schwabing - West","22","108","491","Grundschüler/innen mit nicht deutscher Familiensprache","alle Grundschüler und Grundschülerinnen"
"Familiensprache-nicht deutsch","Wert","2010","05 Au - Haidhausen","13.3","181","1361","Grundschüler/innen mit nicht deutscher Familiensprache","alle Grundschüler und Grundschülerinnen"
"Familiensprache-nicht deutsch","Wert","2010","06 Sendling","41.7","442","1061","Grundschüler/innen mit nicht deutscher Familiensprache","alle Grundschüler und Grundschülerinnen"
"Familiensprache-nicht deutsch","Wert","2010","07 Sendling - Westpark","32.9","286","869","Grundschüler/innen mit nicht deutscher Familiensprache","alle Grundschüler und Grundschülerinnen"
"Familiensprache-nicht deutsch","Wert","2010","08 Schwanthalerhöhe","52.1","310","595","Grundschüler/innen mit nicht deutscher Familiensprache","alle Grundschüler und Grundschülerinnen"
"Familiensprache-nicht deutsch","Wert","2010","09 Neuhausen - Nymphenburg","24.7","529","2140","Grundschüler/innen mit nicht deutscher Familiensprache","alle Grundschüler und Grundschülerinnen"
"Familiensprache-nicht deutsch","Wert","2010","10 Moosach","44.4","611","1375","Grundschüler/innen mit nicht deutscher Familiensprache","alle Grundschüler und Grundschülerinnen"
"Familiensprache-nicht deutsch","Wert","2010","11 Milbertshofen - Am Hart","62.4","1314","2105","Grundschüler/innen mit nicht deutscher Familiensprache","alle Grundschüler und Grundschülerinnen"
"Familiensprache-nicht deutsch","Wert","2010","12 Schwabing - Freimann","33.3","596","1792","Grundschüler/innen mit nicht deutscher Familiensprache","alle Grundschüler und Grundschülerinnen"
"Familiensprache-nicht deutsch","Wert","2010","13 Bogenhausen","17.4","353","2029","Grundschüler/innen mit nicht deutscher Familiensprache","alle Grundschüler und Grundschülerinnen"
"Familiensprache-nicht deutsch","Wert","2010","14 Berg am Laim","63.8","508","796","Grundschüler/innen mit nicht deutscher Familiensprache","alle Grundschüler und Grundschülerinnen"
"Familiensprache-nicht deutsch","Wert","2010","15 Trudering - Riem","30.4","841","2766","Grundschüler/innen mit nicht deutscher Familiensprache","alle Grundschüler und Grundschülerinnen"
"Familiensprache-nicht deutsch","Wert","2010","16 Ramersdorf - Perlach","48.6","1518","3121","Grundschüler/innen mit nicht deutscher Familiensprache","alle Grundschüler und Grundschülerinnen"
"Familiensprache-nicht deutsch","Wert","2010","17 Obergiesing - Fasangarten","47.8","585","1225","Grundschüler/innen mit nicht deutscher Familiensprache","alle Grundschüler und Grundschülerinnen"
"Familiensprache-nicht deutsch","Wert","2010","18 Untergiesing - Harlaching","20.3","229","1130","Grundschüler/innen mit nicht deutscher Familiensprache","alle Grundschüler und Grundschülerinnen"
"Familiensprache-nicht deutsch","Wert","2010","19 Thalkirchen - Obersendling - Forstenried - Fürstenried - Solln","29.7","601","2021","Grundschüler/innen mit nicht deutscher Familiensprache","alle Grundschüler und Grundschülerinnen"
"Familiensprache-nicht deutsch","Wert","2010","20 Hadern","41","598","1457","Grundschüler/innen mit nicht deutscher Familiensprache","alle Grundschüler und Grundschülerinnen"
"Familiensprache-nicht deutsch","Wert","2010","21 Pasing - Obermenzing","15.4","280","1816","Grundschüler/innen mit nicht deutscher Familiensprache","alle Grundschüler und Grundschülerinnen"
"Familiensprache-nicht deutsch","Wert","2010","22 Aubing - Lochhausen - Langwied","40.8","553","1356","Grundschüler/innen mit nicht deutscher Familiensprache","alle Grundschüler und Grundschülerinnen"
"Familiensprache-nicht deutsch","Wert","2010","23 Allach - Untermenzing","20.8","230","1106","Grundschüler/innen mit nicht deutscher Familiensprache","alle Grundschüler und Grundschülerinnen"
"Familiensprache-nicht deutsch","Wert","2010","24 Feldmoching - Hasenbergl","45.4","848","1868","Grundschüler/innen mit nicht deutscher Familiensprache","alle Grundschüler und Grundschülerinnen"
"Familiensprache-nicht deutsch","Wert","2010","25 Laim","23.8","290","1218","Grundschüler/innen mit nicht deutscher Familiensprache","alle Grundschüler und Grundschülerinnen"
"Familiensprache-nicht deutsch","Wert","2009","Stadt München","30.4","10956","36007","Grundschüler/innen mit nicht deutscher Familiensprache","alle Grundschüler und Grundschülerinnen"
"Familiensprache-nicht deutsch","Wert","2009","01 Altstadt - Lehel","18.5","64","346","Grundschüler/innen mit nicht deutscher Familiensprache","alle Grundschüler und Grundschülerinnen"
"Familiensprache-nicht deutsch","Wert","2009","02 Ludwigsvorstadt - Isarvorstadt","32.5","314","965","Grundschüler/innen mit nicht deutscher Familiensprache","alle Grundschüler und Grundschülerinnen"
"Familiensprache-nicht deutsch","Wert","2009","03 Maxvorstadt","30.2","300","993","Grundschüler/innen mit nicht deutscher Familiensprache","alle Grundschüler und Grundschülerinnen"
"Familiensprache-nicht deutsch","Wert","2009","04 Schwabing - West","21.8","108","495","Grundschüler/innen mit nicht deutscher Familiensprache","alle Grundschüler und Grundschülerinnen"
"Familiensprache-nicht deutsch","Wert","2009","05 Au - Haidhausen","12.8","174","1356","Grundschüler/innen mit nicht deutscher Familiensprache","alle Grundschüler und Grundschülerinnen"
"Familiensprache-nicht deutsch","Wert","2009","06 Sendling","31.9","335","1050","Grundschüler/innen mit nicht deutscher Familiensprache","alle Grundschüler und Grundschülerinnen"
"Familiensprache-nicht deutsch","Wert","2009","07 Sendling - Westpark","29.6","256","864","Grundschüler/innen mit nicht deutscher Familiensprache","alle Grundschüler und Grundschülerinnen"
"Familiensprache-nicht deutsch","Wert","2009","08 Schwanthalerhöhe","51.3","298","581","Grundschüler/innen mit nicht deutscher Familiensprache","alle Grundschüler und Grundschülerinnen"
"Familiensprache-nicht deutsch","Wert","2009","09 Neuhausen - Nymphenburg","13.9","291","2089","Grundschüler/innen mit nicht deutscher Familiensprache","alle Grundschüler und Grundschülerinnen"
"Familiensprache-nicht deutsch","Wert","2009","10 Moosach","39.5","557","1409","Grundschüler/innen mit nicht deutscher Familiensprache","alle Grundschüler und Grundschülerinnen"
"Familiensprache-nicht deutsch","Wert","2009","11 Milbertshofen - Am Hart","57","1198","2101","Grundschüler/innen mit nicht deutscher Familiensprache","alle Grundschüler und Grundschülerinnen"
"Familiensprache-nicht deutsch","Wert","2009","12 Schwabing - Freimann","32.7","581","1775","Grundschüler/innen mit nicht deutscher Familiensprache","alle Grundschüler und Grundschülerinnen"
"Familiensprache-nicht deutsch","Wert","2009","13 Bogenhausen","17","355","2083","Grundschüler/innen mit nicht deutscher Familiensprache","alle Grundschüler und Grundschülerinnen"
"Familiensprache-nicht deutsch","Wert","2009","14 Berg am Laim","26.4","209","791","Grundschüler/innen mit nicht deutscher Familiensprache","alle Grundschüler und Grundschülerinnen"
"Familiensprache-nicht deutsch","Wert","2009","15 Trudering - Riem","26.4","713","2700","Grundschüler/innen mit nicht deutscher Familiensprache","alle Grundschüler und Grundschülerinnen"
"Familiensprache-nicht deutsch","Wert","2009","16 Ramersdorf - Perlach","43.9","1385","3154","Grundschüler/innen mit nicht deutscher Familiensprache","alle Grundschüler und Grundschülerinnen"
"Familiensprache-nicht deutsch","Wert","2009","17 Obergiesing - Fasangarten","39","470","1206","Grundschüler/innen mit nicht deutscher Familiensprache","alle Grundschüler und Grundschülerinnen"
"Familiensprache-nicht deutsch","Wert","2009","18 Untergiesing - Harlaching","21.7","243","1120","Grundschüler/innen mit nicht deutscher Familiensprache","alle Grundschüler und Grundschülerinnen"
"Familiensprache-nicht deutsch","Wert","2009","19 Thalkirchen - Obersendling - Forstenried - Fürstenried - Solln","26.6","530","1994","Grundschüler/innen mit nicht deutscher Familiensprache","alle Grundschüler und Grundschülerinnen"
"Familiensprache-nicht deutsch","Wert","2009","20 Hadern","38","584","1538","Grundschüler/innen mit nicht deutscher Familiensprache","alle Grundschüler und Grundschülerinnen"
"Familiensprache-nicht deutsch","Wert","2009","21 Pasing - Obermenzing","11.1","200","1795","Grundschüler/innen mit nicht deutscher Familiensprache","alle Grundschüler und Grundschülerinnen"
"Familiensprache-nicht deutsch","Wert","2009","22 Aubing - Lochhausen - Langwied","37.1","500","1347","Grundschüler/innen mit nicht deutscher Familiensprache","alle Grundschüler und Grundschülerinnen"
"Familiensprache-nicht deutsch","Wert","2009","23 Allach - Untermenzing","20.3","236","1161","Grundschüler/innen mit nicht deutscher Familiensprache","alle Grundschüler und Grundschülerinnen"
"Familiensprache-nicht deutsch","Wert","2009","24 Feldmoching - Hasenbergl","40.3","753","1870","Grundschüler/innen mit nicht deutscher Familiensprache","alle Grundschüler und Grundschülerinnen"
"Familiensprache-nicht deutsch","Wert","2009","25 Laim","24.7","302","1224","Grundschüler/innen mit nicht deutscher Familiensprache","alle Grundschüler und Grundschülerinnen"
